{
  "timings": {
    "fit_time_sec": 6.927829176187515,
    "predict_time_sec": 40.74700195528567,
    "total_time_sec": 47.674831131473184,
    "num_eval_samples": 20,
    "avg_predict_time_sec": 2.0373500977642833
  }
}