{
  "timings": {
    "fit_time_sec": 4.412471821531653,
    "predict_time_sec": 124.62445075809956,
    "total_time_sec": 129.0369225796312,
    "num_eval_samples": 20,
    "avg_predict_time_sec": 6.231222537904978
  }
}