{
  "model": "qwen2_vl",
  "dataset": "naturalbench_vqa",
  "method": "rse",
  "evaluator": "raw",
  "metrics": {
    "metric": "raw_accuracy",
    "accuracy": 0.725,
    "correct": 29.0,
    "total": 40.0,
    "label_order": [
      "Yes",
      "No",
      "A",
      "B"
    ],
    "confusion_matrix": {
      "labels": [
        "Yes",
        "No",
        "A",
        "B"
      ],
      "matrix": [
        [
          7,
          1,
          0,
          0
        ],
        [
          4,
          4,
          0,
          0
        ],
        [
          0,
          0,
          10,
          2
        ],
        [
          0,
          0,
          4,
          8
        ]
      ]
    },
    "per_class": {
      "Yes": {
        "precision": 0.6363636363636364,
        "recall": 0.875,
        "f1": 0.7368421052631579,
        "support": 8.0,
        "predicted": 11.0,
        "true_positive": 7.0,
        "false_positive": 4.0,
        "false_negative": 1.0
      },
      "No": {
        "precision": 0.8,
        "recall": 0.5,
        "f1": 0.6153846153846154,
        "support": 8.0,
        "predicted": 5.0,
        "true_positive": 4.0,
        "false_positive": 1.0,
        "false_negative": 4.0
      },
      "A": {
        "precision": 0.7142857142857143,
        "recall": 0.8333333333333334,
        "f1": 0.7692307692307692,
        "support": 12.0,
        "predicted": 14.0,
        "true_positive": 10.0,
        "false_positive": 4.0,
        "false_negative": 2.0
      },
      "B": {
        "precision": 0.8,
        "recall": 0.6666666666666666,
        "f1": 0.7272727272727272,
        "support": 12.0,
        "predicted": 10.0,
        "true_positive": 8.0,
        "false_positive": 2.0,
        "false_negative": 4.0
      }
    },
    "macro_precision": 0.7376623376623377,
    "macro_recall": 0.71875,
    "macro_f1": 0.7121825542878174,
    "balanced_accuracy": 0.71875
  },
  "timings": {
    "fit_time_sec": 37.36265339888632,
    "predict_time_sec": 26.52361927740276,
    "total_time_sec": 63.88627267628908,
    "num_eval_samples": 40,
    "avg_predict_time_sec": 0.6630904819350689
  }
}