{
  "model": "qwen2_vl",
  "dataset": "naturalbench_vqa",
  "method": "rsev2",
  "evaluator": "raw",
  "metrics": {
    "metric": "raw_accuracy",
    "accuracy": 0.75,
    "correct": 30.0,
    "total": 40.0,
    "label_order": [
      "Yes",
      "No",
      "A",
      "B"
    ],
    "confusion_matrix": {
      "labels": [
        "Yes",
        "No",
        "A",
        "B"
      ],
      "matrix": [
        [
          5,
          3,
          0,
          0
        ],
        [
          1,
          7,
          0,
          0
        ],
        [
          0,
          0,
          8,
          4
        ],
        [
          0,
          0,
          2,
          10
        ]
      ]
    },
    "per_class": {
      "Yes": {
        "precision": 0.8333333333333334,
        "recall": 0.625,
        "f1": 0.7142857142857143,
        "support": 8.0,
        "predicted": 6.0,
        "true_positive": 5.0,
        "false_positive": 1.0,
        "false_negative": 3.0
      },
      "No": {
        "precision": 0.7,
        "recall": 0.875,
        "f1": 0.7777777777777777,
        "support": 8.0,
        "predicted": 10.0,
        "true_positive": 7.0,
        "false_positive": 3.0,
        "false_negative": 1.0
      },
      "A": {
        "precision": 0.8,
        "recall": 0.6666666666666666,
        "f1": 0.7272727272727272,
        "support": 12.0,
        "predicted": 10.0,
        "true_positive": 8.0,
        "false_positive": 2.0,
        "false_negative": 4.0
      },
      "B": {
        "precision": 0.7142857142857143,
        "recall": 0.8333333333333334,
        "f1": 0.7692307692307692,
        "support": 12.0,
        "predicted": 14.0,
        "true_positive": 10.0,
        "false_positive": 4.0,
        "false_negative": 2.0
      }
    },
    "macro_precision": 0.7619047619047619,
    "macro_recall": 0.75,
    "macro_f1": 0.7471417471417471,
    "balanced_accuracy": 0.75
  },
  "timings": {
    "fit_time_sec": 34.7766531445086,
    "predict_time_sec": 26.723912285640836,
    "total_time_sec": 61.500565430149436,
    "num_eval_samples": 40,
    "avg_predict_time_sec": 0.6680978071410208
  }
}