{
  "model": "qwen2_vl",
  "dataset": "naturalbench_vqa",
  "method": "rsev2",
  "evaluator": "raw",
  "metrics": {
    "metric": "raw_accuracy",
    "accuracy": 0.675,
    "correct": 27.0,
    "total": 40.0,
    "label_order": [
      "Yes",
      "No",
      "A",
      "B"
    ],
    "confusion_matrix": {
      "labels": [
        "Yes",
        "No",
        "A",
        "B"
      ],
      "matrix": [
        [
          3,
          5,
          0,
          0
        ],
        [
          2,
          6,
          0,
          0
        ],
        [
          0,
          0,
          8,
          4
        ],
        [
          0,
          0,
          2,
          10
        ]
      ]
    },
    "per_class": {
      "Yes": {
        "precision": 0.6,
        "recall": 0.375,
        "f1": 0.4615384615384615,
        "support": 8.0,
        "predicted": 5.0,
        "true_positive": 3.0,
        "false_positive": 2.0,
        "false_negative": 5.0
      },
      "No": {
        "precision": 0.5454545454545454,
        "recall": 0.75,
        "f1": 0.631578947368421,
        "support": 8.0,
        "predicted": 11.0,
        "true_positive": 6.0,
        "false_positive": 5.0,
        "false_negative": 2.0
      },
      "A": {
        "precision": 0.8,
        "recall": 0.6666666666666666,
        "f1": 0.7272727272727272,
        "support": 12.0,
        "predicted": 10.0,
        "true_positive": 8.0,
        "false_positive": 2.0,
        "false_negative": 4.0
      },
      "B": {
        "precision": 0.7142857142857143,
        "recall": 0.8333333333333334,
        "f1": 0.7692307692307692,
        "support": 12.0,
        "predicted": 14.0,
        "true_positive": 10.0,
        "false_positive": 4.0,
        "false_negative": 2.0
      }
    },
    "macro_precision": 0.6649350649350649,
    "macro_recall": 0.65625,
    "macro_f1": 0.6474052263525947,
    "balanced_accuracy": 0.65625
  },
  "timings": {
    "fit_time_sec": 34.71292722970247,
    "predict_time_sec": 26.05407445691526,
    "total_time_sec": 60.76700168661773,
    "num_eval_samples": 40,
    "avg_predict_time_sec": 0.6513518614228815
  }
}