{
  "model": "qwen2_vl",
  "dataset": "naturalbench_vqa",
  "method": "rse",
  "evaluator": "raw",
  "metrics": {
    "metric": "raw_accuracy",
    "accuracy": 0.7,
    "correct": 28.0,
    "total": 40.0,
    "label_order": [
      "Yes",
      "No",
      "A",
      "B"
    ],
    "confusion_matrix": {
      "labels": [
        "Yes",
        "No",
        "A",
        "B"
      ],
      "matrix": [
        [
          7,
          1,
          0,
          0
        ],
        [
          4,
          4,
          0,
          0
        ],
        [
          0,
          0,
          9,
          3
        ],
        [
          0,
          0,
          4,
          8
        ]
      ]
    },
    "per_class": {
      "Yes": {
        "precision": 0.6363636363636364,
        "recall": 0.875,
        "f1": 0.7368421052631579,
        "support": 8.0,
        "predicted": 11.0,
        "true_positive": 7.0,
        "false_positive": 4.0,
        "false_negative": 1.0
      },
      "No": {
        "precision": 0.8,
        "recall": 0.5,
        "f1": 0.6153846153846154,
        "support": 8.0,
        "predicted": 5.0,
        "true_positive": 4.0,
        "false_positive": 1.0,
        "false_negative": 4.0
      },
      "A": {
        "precision": 0.6923076923076923,
        "recall": 0.75,
        "f1": 0.7199999999999999,
        "support": 12.0,
        "predicted": 13.0,
        "true_positive": 9.0,
        "false_positive": 4.0,
        "false_negative": 3.0
      },
      "B": {
        "precision": 0.7272727272727273,
        "recall": 0.6666666666666666,
        "f1": 0.6956521739130435,
        "support": 12.0,
        "predicted": 11.0,
        "true_positive": 8.0,
        "false_positive": 3.0,
        "false_negative": 4.0
      }
    },
    "macro_precision": 0.713986013986014,
    "macro_recall": 0.6979166666666666,
    "macro_f1": 0.6919697236402041,
    "balanced_accuracy": 0.6979166666666666
  },
  "timings": {
    "fit_time_sec": 37.664420913904905,
    "predict_time_sec": 26.34475303068757,
    "total_time_sec": 64.00917394459248,
    "num_eval_samples": 40,
    "avg_predict_time_sec": 0.6586188257671892
  }
}