{
  "write_failure_analysis": {
    "enabled": false,
    "num_analyzed_samples": 0
  },
  "timings": {
    "fit_time_sec": 6.036480629816651,
    "predict_time_sec": 1.5347775649279356,
    "total_time_sec": 7.571258194744587,
    "num_eval_samples": 3,
    "avg_predict_time_sec": 0.5115925216426452
  }
}