{
  "write_failure_analysis": {
    "enabled": false,
    "num_analyzed_samples": 0
  },
  "timings": {
    "fit_time_sec": 15.040178271010518,
    "predict_time_sec": 2.0970568507909775,
    "total_time_sec": 17.137235121801496,
    "num_eval_samples": 3,
    "avg_predict_time_sec": 0.6990189502636591
  }
}