{
  "write_failure_analysis": {
    "enabled": false,
    "num_analyzed_samples": 0
  },
  "timings": {
    "fit_time_sec": 11.34241003729403,
    "predict_time_sec": 1.4068941846489906,
    "total_time_sec": 12.74930422194302,
    "num_eval_samples": 3,
    "avg_predict_time_sec": 0.46896472821633023
  }
}