{
  "write_failure_analysis": {
    "enabled": false,
    "num_analyzed_samples": 0
  },
  "timings": {
    "fit_time_sec": 15.145758345723152,
    "predict_time_sec": 1.4371052477508783,
    "total_time_sec": 16.58286359347403,
    "num_eval_samples": 3,
    "avg_predict_time_sec": 0.4790350825836261
  }
}