{
  "write_failure_analysis": {
    "enabled": false,
    "num_analyzed_samples": 0
  },
  "timings": {
    "fit_time_sec": 6.085967877879739,
    "predict_time_sec": 1.3125361204147339,
    "total_time_sec": 7.398503998294473,
    "num_eval_samples": 3,
    "avg_predict_time_sec": 0.43751204013824463
  }
}