{
  "write_failure_analysis": {
    "enabled": false,
    "num_analyzed_samples": 0
  },
  "timings": {
    "fit_time_sec": 10.742576770484447,
    "predict_time_sec": 0.9859150163829327,
    "total_time_sec": 11.72849178686738,
    "num_eval_samples": 3,
    "avg_predict_time_sec": 0.32863833879431087
  }
}