{
  "write_failure_analysis": {
    "enabled": false,
    "num_analyzed_samples": 0
  },
  "timings": {
    "fit_time_sec": 5.972968440502882,
    "predict_time_sec": 1.5843664519488811,
    "total_time_sec": 7.557334892451763,
    "num_eval_samples": 3,
    "avg_predict_time_sec": 0.5281221506496271
  }
}