{
  "write_failure_analysis": {
    "enabled": false,
    "num_analyzed_samples": 0
  },
  "timings": {
    "fit_time_sec": 6.865223007276654,
    "predict_time_sec": 17.457065219059587,
    "total_time_sec": 24.32228822633624,
    "num_eval_samples": 100,
    "avg_predict_time_sec": 0.17457065219059587
  }
}