{
  "timings": {
    "fit_time_sec": 1.2751668691635132e-05,
    "predict_time_sec": 14.523340728133917,
    "total_time_sec": 14.523353479802608,
    "num_eval_samples": 100,
    "avg_predict_time_sec": 0.14523340728133916
  }
}