{
  "write_failure_analysis": {
    "enabled": false,
    "num_analyzed_samples": 0
  },
  "timings": {
    "fit_time_sec": 11.61751026660204,
    "predict_time_sec": 11.96321796439588,
    "total_time_sec": 23.58072823099792,
    "num_eval_samples": 100,
    "avg_predict_time_sec": 0.11963217964395881
  }
}