{
  "timings": {
    "fit_time_sec": 1.2153759598731995e-05,
    "predict_time_sec": 11.553577622398734,
    "total_time_sec": 11.553589776158333,
    "num_eval_samples": 100,
    "avg_predict_time_sec": 0.11553577622398734
  }
}