{
  "timings": {
    "fit_time_sec": 14.15840182453394,
    "predict_time_sec": 5.20672769844532,
    "total_time_sec": 19.36512952297926,
    "num_eval_samples": 100,
    "avg_predict_time_sec": 0.0520672769844532
  }
}