{
  "timings": {
    "fit_time_sec": 13.769635360687971,
    "predict_time_sec": 5.354546878486872,
    "total_time_sec": 19.124182239174843,
    "num_eval_samples": 100,
    "avg_predict_time_sec": 0.05354546878486872
  }
}