{
  "timings": {
    "fit_time_sec": 11.072465304285288,
    "predict_time_sec": 3.8353764172643423,
    "total_time_sec": 14.90784172154963,
    "num_eval_samples": 100,
    "avg_predict_time_sec": 0.038353764172643426
  }
}