{
  "timings": {
    "fit_time_sec": 1.3707205653190613e-05,
    "predict_time_sec": 14.55892869643867,
    "total_time_sec": 14.558942403644323,
    "num_eval_samples": 100,
    "avg_predict_time_sec": 0.1455892869643867
  }
}