{
  "timings": {
    "fit_time_sec": 9.658284651115537,
    "predict_time_sec": 2.2474072594195604,
    "total_time_sec": 11.905691910535097,
    "num_eval_samples": 40,
    "avg_predict_time_sec": 0.05618518148548901
  }
}