{
  "timings": {
    "fit_time_sec": 1.2371689081192017e-05,
    "predict_time_sec": 15.106453858315945,
    "total_time_sec": 15.106466230005026,
    "num_eval_samples": 20,
    "avg_predict_time_sec": 0.7553226929157972
  }
}