{
  "timings": {
    "fit_time_sec": 1.2559816241264343e-05,
    "predict_time_sec": 15.611263846978545,
    "total_time_sec": 15.611276406794786,
    "num_eval_samples": 20,
    "avg_predict_time_sec": 0.7805631923489272
  }
}