{
  "timings": {
    "fit_time_sec": 25.181636184453964,
    "predict_time_sec": 4.784930296242237,
    "total_time_sec": 29.9665664806962,
    "num_eval_samples": 20,
    "avg_predict_time_sec": 0.23924651481211184
  }
}