{
  "timings": {
    "fit_time_sec": 1.6147270798683167e-05,
    "predict_time_sec": 9.155341599136591,
    "total_time_sec": 9.15535774640739,
    "num_eval_samples": 50,
    "avg_predict_time_sec": 0.1831068319827318
  }
}