{
  "timings": {
    "fit_time_sec": 77.8113439809531,
    "predict_time_sec": 8.657818200066686,
    "total_time_sec": 86.46916218101978,
    "num_eval_samples": 20,
    "avg_predict_time_sec": 0.4328909100033343
  }
}