{
  "timings": {
    "fit_time_sec": 27.493128713220358,
    "predict_time_sec": 6.191610751673579,
    "total_time_sec": 33.68473946489394,
    "num_eval_samples": 20,
    "avg_predict_time_sec": 0.309580537583679
  }
}