{
  "model": "qwen3_vl",
  "dataset": "naturalbench_vqa",
  "method": "zero_shot",
  "evaluator": "raw",
  "metrics": {
    "metric": "raw_accuracy",
    "accuracy": 0.4,
    "correct": 16.0,
    "total": 40.0,
    "label_order": [
      "Yes",
      "No",
      "A",
      "B"
    ],
    "confusion_matrix": {
      "labels": [
        "Yes",
        "No",
        "A",
        "B"
      ],
      "matrix": [
        [
          4,
          2,
          0,
          0
        ],
        [
          1,
          5,
          0,
          0
        ],
        [
          11,
          1,
          2,
          0
        ],
        [
          6,
          3,
          0,
          5
        ]
      ]
    },
    "per_class": {
      "Yes": {
        "precision": 0.18181818181818182,
        "recall": 0.6666666666666666,
        "f1": 0.28571428571428575,
        "support": 6.0,
        "predicted": 22.0,
        "true_positive": 4.0,
        "false_positive": 18.0,
        "false_negative": 2.0
      },
      "No": {
        "precision": 0.45454545454545453,
        "recall": 0.8333333333333334,
        "f1": 0.5882352941176471,
        "support": 6.0,
        "predicted": 11.0,
        "true_positive": 5.0,
        "false_positive": 6.0,
        "false_negative": 1.0
      },
      "A": {
        "precision": 1.0,
        "recall": 0.14285714285714285,
        "f1": 0.25,
        "support": 14.0,
        "predicted": 2.0,
        "true_positive": 2.0,
        "false_positive": 0.0,
        "false_negative": 12.0
      },
      "B": {
        "precision": 1.0,
        "recall": 0.35714285714285715,
        "f1": 0.5263157894736842,
        "support": 14.0,
        "predicted": 5.0,
        "true_positive": 5.0,
        "false_positive": 0.0,
        "false_negative": 9.0
      }
    },
    "macro_precision": 0.6590909090909091,
    "macro_recall": 0.5,
    "macro_f1": 0.41256634232640427,
    "balanced_accuracy": 0.5
  },
  "timings": {
    "fit_time_sec": 1.2565404176712036e-05,
    "predict_time_sec": 25.128144158050418,
    "total_time_sec": 25.128156723454595,
    "num_eval_samples": 40,
    "avg_predict_time_sec": 0.6282036039512604
  }
}