{
  "timings": {
    "fit_time_sec": 81.75255948863924,
    "predict_time_sec": 27.95091917924583,
    "total_time_sec": 109.70347866788507,
    "num_eval_samples": 20,
    "avg_predict_time_sec": 1.3975459589622914
  }
}