{
  "timings": {
    "fit_time_sec": 82.18206752091646,
    "predict_time_sec": 8.07118334621191,
    "total_time_sec": 90.25325086712837,
    "num_eval_samples": 20,
    "avg_predict_time_sec": 0.4035591673105955
  }
}