{
  "timings": {
    "fit_time_sec": 11.692314893007278,
    "predict_time_sec": 1.860206687822938,
    "total_time_sec": 13.552521580830216,
    "num_eval_samples": 50,
    "avg_predict_time_sec": 0.03720413375645876
  }
}