{
  "model": "qwen3_vl",
  "dataset": "blink_relative_reflectance",
  "method": "sav",
  "evaluator": "raw",
  "metrics": {
    "metric": "raw_accuracy",
    "accuracy": 0.26666666666666666,
    "correct": 4.0,
    "total": 15.0,
    "label_order": [
      "(C)",
      "(B)",
      "(A)"
    ],
    "confusion_matrix": {
      "labels": [
        "(C)",
        "(B)",
        "(A)"
      ],
      "matrix": [
        [
          2,
          0,
          3
        ],
        [
          1,
          1,
          3
        ],
        [
          0,
          4,
          1
        ]
      ]
    },
    "per_class": {
      "(C)": {
        "precision": 0.6666666666666666,
        "recall": 0.4,
        "f1": 0.5,
        "support": 5.0,
        "predicted": 3.0,
        "true_positive": 2.0,
        "false_positive": 1.0,
        "false_negative": 3.0
      },
      "(B)": {
        "precision": 0.2,
        "recall": 0.2,
        "f1": 0.20000000000000004,
        "support": 5.0,
        "predicted": 5.0,
        "true_positive": 1.0,
        "false_positive": 4.0,
        "false_negative": 4.0
      },
      "(A)": {
        "precision": 0.14285714285714285,
        "recall": 0.2,
        "f1": 0.16666666666666666,
        "support": 5.0,
        "predicted": 7.0,
        "true_positive": 1.0,
        "false_positive": 6.0,
        "false_negative": 4.0
      }
    },
    "macro_precision": 0.3365079365079365,
    "macro_recall": 0.26666666666666666,
    "macro_f1": 0.2888888888888889,
    "balanced_accuracy": 0.26666666666666666
  },
  "timings": {
    "fit_time_sec": 31.33640624023974,
    "predict_time_sec": 3.1281070522964,
    "total_time_sec": 34.46451329253614,
    "num_eval_samples": 15,
    "avg_predict_time_sec": 0.20854047015309335
  }
}