{
  "timings": {
    "fit_time_sec": 10.05375081859529,
    "predict_time_sec": 3.482710173353553,
    "total_time_sec": 13.536460991948843,
    "num_eval_samples": 40,
    "avg_predict_time_sec": 0.08706775433383881
  }
}