{
  "timings": {
    "fit_time_sec": 69.78393197618425,
    "predict_time_sec": 18.898282619193196,
    "total_time_sec": 88.68221459537745,
    "num_eval_samples": 40,
    "avg_predict_time_sec": 0.4724570654798299
  }
}