{
  "timings": {
    "fit_time_sec": 79.57130285166204,
    "predict_time_sec": 7.617097107693553,
    "total_time_sec": 87.18839995935559,
    "num_eval_samples": 16,
    "avg_predict_time_sec": 0.47606856923084706
  }
}