{
  "timings": {
    "fit_time_sec": 1.1883676052093506e-05,
    "predict_time_sec": 14.485277034342289,
    "total_time_sec": 14.485288918018341,
    "num_eval_samples": 40,
    "avg_predict_time_sec": 0.36213192585855725
  }
}