{
  "timings": {
    "fit_time_sec": 10.202193325385451,
    "predict_time_sec": 3.366435969248414,
    "total_time_sec": 13.568629294633865,
    "num_eval_samples": 40,
    "avg_predict_time_sec": 0.08416089923121035
  }
}