{
  "timings": {
    "fit_time_sec": 1.2716278433799744e-05,
    "predict_time_sec": 8.061697637662292,
    "total_time_sec": 8.061710353940725,
    "num_eval_samples": 20,
    "avg_predict_time_sec": 0.4030848818831146
  }
}