{
  "timings": {
    "fit_time_sec": 34.12631264142692,
    "predict_time_sec": 3.742114130407572,
    "total_time_sec": 37.86842677183449,
    "num_eval_samples": 20,
    "avg_predict_time_sec": 0.18710570652037858
  }
}