{
  "timings": {
    "fit_time_sec": 2.830103039741516e-05,
    "predict_time_sec": 5.97263927385211,
    "total_time_sec": 5.972667574882507,
    "num_eval_samples": 20,
    "avg_predict_time_sec": 0.2986319636926055
  }
}