{
  "timings": {
    "fit_time_sec": 3.567337989807129e-05,
    "predict_time_sec": 9.3065131213516,
    "total_time_sec": 9.306548794731498,
    "num_eval_samples": 20,
    "avg_predict_time_sec": 0.46532565606758
  }
}