{
  "timings": {
    "fit_time_sec": 1.78460031747818e-05,
    "predict_time_sec": 21.313052320852876,
    "total_time_sec": 21.31307016685605,
    "num_eval_samples": 50,
    "avg_predict_time_sec": 0.42626104641705753
  }
}