{
  "timings": {
    "fit_time_sec": 1.4662742614746094e-05,
    "predict_time_sec": 11.567229896783829,
    "total_time_sec": 11.567244559526443,
    "num_eval_samples": 20,
    "avg_predict_time_sec": 0.5783614948391914
  }
}