{
  "timings": {
    "fit_time_sec": 1.268833875656128e-05,
    "predict_time_sec": 7.98953746818006,
    "total_time_sec": 7.989550156518817,
    "num_eval_samples": 15,
    "avg_predict_time_sec": 0.532635831212004
  }
}