{
  "timings": {
    "fit_time_sec": 2.168305218219757e-05,
    "predict_time_sec": 42.178713355213404,
    "total_time_sec": 42.178735038265586,
    "num_eval_samples": 102,
    "avg_predict_time_sec": 0.41351679760013144
  }
}