{
  "timings": {
    "fit_time_sec": 95.44782727956772,
    "predict_time_sec": 8.67260061390698,
    "total_time_sec": 104.1204278934747,
    "num_eval_samples": 16,
    "avg_predict_time_sec": 0.5420375383691862
  }
}