{
  "timings": {
    "fit_time_sec": 10.392013378441334,
    "predict_time_sec": 3.3858908992260695,
    "total_time_sec": 13.777904277667403,
    "num_eval_samples": 40,
    "avg_predict_time_sec": 0.08464727248065174
  }
}