{
  "timings": {
    "fit_time_sec": 1.6430392861366272e-05,
    "predict_time_sec": 13.863180417567492,
    "total_time_sec": 13.863196847960353,
    "num_eval_samples": 40,
    "avg_predict_time_sec": 0.3465795104391873
  }
}