{
  "timings": {
    "fit_time_sec": 99.1201234869659,
    "predict_time_sec": 10.693224728107452,
    "total_time_sec": 109.81334821507335,
    "num_eval_samples": 20,
    "avg_predict_time_sec": 0.5346612364053727
  }
}