{
  "timings": {
    "fit_time_sec": 1.66185200214386e-05,
    "predict_time_sec": 19.674718979746103,
    "total_time_sec": 19.674735598266125,
    "num_eval_samples": 40,
    "avg_predict_time_sec": 0.4918679744936526
  }
}