{
  "timings": {
    "fit_time_sec": 1.193024218082428e-05,
    "predict_time_sec": 42.6085640899837,
    "total_time_sec": 42.60857602022588,
    "num_eval_samples": 102,
    "avg_predict_time_sec": 0.4177310204900363
  }
}