{
  "timings": {
    "fit_time_sec": 1.1634081602096558e-05,
    "predict_time_sec": 24.974992785602808,
    "total_time_sec": 24.97500441968441,
    "num_eval_samples": 70,
    "avg_predict_time_sec": 0.35678561122289726
  }
}