{
  "timings": {
    "fit_time_sec": 1.1768192052841187e-05,
    "predict_time_sec": 7.913020359352231,
    "total_time_sec": 7.913032127544284,
    "num_eval_samples": 20,
    "avg_predict_time_sec": 0.39565101796761154
  }
}