{
  "timings": {
    "fit_time_sec": 1.2686476111412048e-05,
    "predict_time_sec": 9.656753536313772,
    "total_time_sec": 9.656766222789884,
    "num_eval_samples": 20,
    "avg_predict_time_sec": 0.4828376768156886
  }
}