{
  "timings": {
    "fit_time_sec": 1.3491138815879822e-05,
    "predict_time_sec": 25.178582647815347,
    "total_time_sec": 25.178596138954163,
    "num_eval_samples": 70,
    "avg_predict_time_sec": 0.3596940378259335
  }
}