{
  "timings": {
    "fit_time_sec": 1.3913959264755249e-05,
    "predict_time_sec": 9.823114179074764,
    "total_time_sec": 9.823128093034029,
    "num_eval_samples": 20,
    "avg_predict_time_sec": 0.4911557089537382
  }
}