{
  "timings": {
    "fit_time_sec": 52.951815366744995,
    "predict_time_sec": 19.110843742266297,
    "total_time_sec": 72.06265910901129,
    "num_eval_samples": 40,
    "avg_predict_time_sec": 0.4777710935566574
  }
}