{
  "timings": {
    "fit_time_sec": 1.2526288628578186e-05,
    "predict_time_sec": 6.644525341689587,
    "total_time_sec": 6.644537867978215,
    "num_eval_samples": 20,
    "avg_predict_time_sec": 0.33222626708447933
  }
}