{
  "timings": {
    "fit_time_sec": 59.564462119713426,
    "predict_time_sec": 17.380798811092973,
    "total_time_sec": 76.9452609308064,
    "num_eval_samples": 200,
    "avg_predict_time_sec": 0.08690399405546487
  }
}