{
  "timings": {
    "fit_time_sec": 1.7471611499786377e-05,
    "predict_time_sec": 51.38807833939791,
    "total_time_sec": 51.38809581100941,
    "num_eval_samples": 40,
    "avg_predict_time_sec": 1.2847019584849477
  }
}