{
  "timings": {
    "fit_time_sec": 61.842322915792465,
    "predict_time_sec": 17.394866079092026,
    "total_time_sec": 79.23718899488449,
    "num_eval_samples": 102,
    "avg_predict_time_sec": 0.17053790273619632
  }
}