{
  "timings": {
    "fit_time_sec": 1.2915581464767456e-05,
    "predict_time_sec": 8.148521399125457,
    "total_time_sec": 8.148534314706922,
    "num_eval_samples": 20,
    "avg_predict_time_sec": 0.40742606995627284
  }
}