{
  "timings": {
    "fit_time_sec": 98.16702160425484,
    "predict_time_sec": 34.25569604150951,
    "total_time_sec": 132.42271764576435,
    "num_eval_samples": 20,
    "avg_predict_time_sec": 1.7127848020754755
  }
}