{
  "timings": {
    "fit_time_sec": 10.266729261726141,
    "predict_time_sec": 3.284193927422166,
    "total_time_sec": 13.550923189148307,
    "num_eval_samples": 40,
    "avg_predict_time_sec": 0.08210484818555415
  }
}