{
  "timings": {
    "fit_time_sec": 2.0304694771766663e-05,
    "predict_time_sec": 18.984133867546916,
    "total_time_sec": 18.984154172241688,
    "num_eval_samples": 40,
    "avg_predict_time_sec": 0.4746033466886729
  }
}