{
  "timings": {
    "fit_time_sec": 19.858066719025373,
    "predict_time_sec": 4.331360798329115,
    "total_time_sec": 24.18942751735449,
    "num_eval_samples": 40,
    "avg_predict_time_sec": 0.10828401995822787
  }
}