{
  "timings": {
    "fit_time_sec": 1.3295561075210571e-05,
    "predict_time_sec": 16.425545835867524,
    "total_time_sec": 16.4255591314286,
    "num_eval_samples": 20,
    "avg_predict_time_sec": 0.8212772917933762
  }
}