{
  "timings": {
    "fit_time_sec": 1.2036412954330444e-05,
    "predict_time_sec": 27.60826419852674,
    "total_time_sec": 27.608276234939694,
    "num_eval_samples": 40,
    "avg_predict_time_sec": 0.6902066049631685
  }
}