{
  "timings": {
    "fit_time_sec": 1.3250857591629028e-05,
    "predict_time_sec": 20.060976712033153,
    "total_time_sec": 20.060989962890744,
    "num_eval_samples": 40,
    "avg_predict_time_sec": 0.5015244178008288
  }
}