{
  "timings": {
    "fit_time_sec": 31.33640624023974,
    "predict_time_sec": 3.1281070522964,
    "total_time_sec": 34.46451329253614,
    "num_eval_samples": 15,
    "avg_predict_time_sec": 0.20854047015309335
  }
}