{
  "timings": {
    "fit_time_sec": 2.0802021026611328e-05,
    "predict_time_sec": 21.27595305070281,
    "total_time_sec": 21.275973852723837,
    "num_eval_samples": 200,
    "avg_predict_time_sec": 0.10637976525351406
  }
}