{
  "timings": {
    "fit_time_sec": 6.398347618058324,
    "predict_time_sec": 1.4799709767103195,
    "total_time_sec": 7.878318594768643,
    "num_eval_samples": 20,
    "avg_predict_time_sec": 0.07399854883551597
  }
}