{
  "timings": {
    "fit_time_sec": 20.459215691313148,
    "predict_time_sec": 2.7130913957953453,
    "total_time_sec": 23.172307087108493,
    "num_eval_samples": 20,
    "avg_predict_time_sec": 0.13565456978976725
  }
}