{
  "timings": {
    "fit_time_sec": 1.3180077075958252e-05,
    "predict_time_sec": 5.427249114960432,
    "total_time_sec": 5.427262295037508,
    "num_eval_samples": 20,
    "avg_predict_time_sec": 0.2713624557480216
  }
}