{
  "timings": {
    "fit_time_sec": 36.96053869649768,
    "predict_time_sec": 3.4291579015552998,
    "total_time_sec": 40.38969659805298,
    "num_eval_samples": 15,
    "avg_predict_time_sec": 0.22861052677035332
  }
}