{
  "timings": {
    "fit_time_sec": 1.3887882232666016e-05,
    "predict_time_sec": 11.175381753593683,
    "total_time_sec": 11.175395641475916,
    "num_eval_samples": 16,
    "avg_predict_time_sec": 0.6984613595996052
  }
}