{
  "timings": {
    "fit_time_sec": 1.2559816241264343e-05,
    "predict_time_sec": 27.260612396523356,
    "total_time_sec": 27.260624956339598,
    "num_eval_samples": 40,
    "avg_predict_time_sec": 0.681515309913084
  }
}