{
  "timings": {
    "fit_time_sec": 7.325785158202052,
    "predict_time_sec": 1.458295563235879,
    "total_time_sec": 8.784080721437931,
    "num_eval_samples": 20,
    "avg_predict_time_sec": 0.07291477816179395
  }
}