{
  "timings": {
    "fit_time_sec": 1.4238059520721436e-05,
    "predict_time_sec": 52.26850240305066,
    "total_time_sec": 52.26851664111018,
    "num_eval_samples": 200,
    "avg_predict_time_sec": 0.2613425120152533
  }
}