{
  "timings": {
    "fit_time_sec": 1.1991709470748901e-05,
    "predict_time_sec": 9.063339406624436,
    "total_time_sec": 9.063351398333907,
    "num_eval_samples": 20,
    "avg_predict_time_sec": 0.45316697033122183
  }
}