{
  "timings": {
    "fit_time_sec": 1.2347474694252014e-05,
    "predict_time_sec": 40.494427751749754,
    "total_time_sec": 40.49444009922445,
    "num_eval_samples": 200,
    "avg_predict_time_sec": 0.20247213875874878
  }
}