{
  "timings": {
    "fit_time_sec": 1.2701377272605896e-05,
    "predict_time_sec": 19.111658262088895,
    "total_time_sec": 19.111670963466167,
    "num_eval_samples": 20,
    "avg_predict_time_sec": 0.9555829131044448
  }
}