{
  "timings": {
    "fit_time_sec": 81.41212048381567,
    "predict_time_sec": 26.311587953940034,
    "total_time_sec": 107.7237084377557,
    "num_eval_samples": 20,
    "avg_predict_time_sec": 1.3155793976970016
  }
}