{
  "timings": {
    "fit_time_sec": 100.21554767154157,
    "predict_time_sec": 7.314377823844552,
    "total_time_sec": 107.52992549538612,
    "num_eval_samples": 16,
    "avg_predict_time_sec": 0.4571486139902845
  }
}