{
  "timings": {
    "fit_time_sec": 1.2332573533058167e-05,
    "predict_time_sec": 5.45032493956387,
    "total_time_sec": 5.4503372721374035,
    "num_eval_samples": 20,
    "avg_predict_time_sec": 0.27251624697819354
  }
}