{
  "timings": {
    "fit_time_sec": 1.965835690498352e-05,
    "predict_time_sec": 32.28024169430137,
    "total_time_sec": 32.28026135265827,
    "num_eval_samples": 20,
    "avg_predict_time_sec": 1.6140120847150683
  }
}