{
  "timings": {
    "fit_time_sec": 2.0187348127365112e-05,
    "predict_time_sec": 10.570635914802551,
    "total_time_sec": 10.570656102150679,
    "num_eval_samples": 40,
    "avg_predict_time_sec": 0.26426589787006377
  }
}