{
  "timings": {
    "fit_time_sec": 94.50184342823923,
    "predict_time_sec": 9.752073602750897,
    "total_time_sec": 104.25391703099012,
    "num_eval_samples": 16,
    "avg_predict_time_sec": 0.6095046001719311
  }
}