{
  "timings": {
    "fit_time_sec": 1.7482787370681763e-05,
    "predict_time_sec": 83.67329698242247,
    "total_time_sec": 83.67331446520984,
    "num_eval_samples": 200,
    "avg_predict_time_sec": 0.41836648491211237
  }
}