{
  "timings": {
    "fit_time_sec": 1.4366582036018372e-05,
    "predict_time_sec": 11.819920007139444,
    "total_time_sec": 11.81993437372148,
    "num_eval_samples": 20,
    "avg_predict_time_sec": 0.5909960003569722
  }
}