{
  "timings": {
    "fit_time_sec": 35.289416536688805,
    "predict_time_sec": 3.6446148958057165,
    "total_time_sec": 38.93403143249452,
    "num_eval_samples": 20,
    "avg_predict_time_sec": 0.18223074479028584
  }
}