{
  "timings": {
    "fit_time_sec": 1.1621043086051941e-05,
    "predict_time_sec": 16.04284780845046,
    "total_time_sec": 16.042859429493546,
    "num_eval_samples": 20,
    "avg_predict_time_sec": 0.802142390422523
  }
}