{
  "timings": {
    "fit_time_sec": 24.81422090344131,
    "predict_time_sec": 1.062811266630888,
    "total_time_sec": 25.877032170072198,
    "num_eval_samples": 20,
    "avg_predict_time_sec": 0.0531405633315444
  }
}