{
  "timings": {
    "fit_time_sec": 1.3165175914764404e-05,
    "predict_time_sec": 19.928947357460856,
    "total_time_sec": 19.92896052263677,
    "num_eval_samples": 40,
    "avg_predict_time_sec": 0.4982236839365214
  }
}