{
  "timings": {
    "fit_time_sec": 91.25325758568943,
    "predict_time_sec": 9.778876001015306,
    "total_time_sec": 101.03213358670473,
    "num_eval_samples": 20,
    "avg_predict_time_sec": 0.48894380005076526
  }
}