{
  "timings": {
    "fit_time_sec": 1.9486993551254272e-05,
    "predict_time_sec": 7.894409857690334,
    "total_time_sec": 7.894429344683886,
    "num_eval_samples": 20,
    "avg_predict_time_sec": 0.3947204928845167
  }
}