{
  "timings": {
    "fit_time_sec": 33.62886359542608,
    "predict_time_sec": 3.626269184052944,
    "total_time_sec": 37.25513277947903,
    "num_eval_samples": 20,
    "avg_predict_time_sec": 0.18131345920264721
  }
}