{
  "timings": {
    "fit_time_sec": 1.8581748008728027e-05,
    "predict_time_sec": 21.489871675148606,
    "total_time_sec": 21.489890256896615,
    "num_eval_samples": 200,
    "avg_predict_time_sec": 0.10744935837574303
  }
}