{
  "timings": {
    "fit_time_sec": 1.8699094653129578e-05,
    "predict_time_sec": 7.181749392300844,
    "total_time_sec": 7.181768091395497,
    "num_eval_samples": 20,
    "avg_predict_time_sec": 0.35908746961504223
  }
}