{
  "timings": {
    "fit_time_sec": 1.2882053852081299e-05,
    "predict_time_sec": 11.830261528491974,
    "total_time_sec": 11.830274410545826,
    "num_eval_samples": 16,
    "avg_predict_time_sec": 0.7393913455307484
  }
}