{
  "timings": {
    "fit_time_sec": 76.21409666351974,
    "predict_time_sec": 6.515309043228626,
    "total_time_sec": 82.72940570674837,
    "num_eval_samples": 16,
    "avg_predict_time_sec": 0.40720681520178914
  }
}