{
  "timings": {
    "fit_time_sec": 1.8250197172164917e-05,
    "predict_time_sec": 8.913700945675373,
    "total_time_sec": 8.913719195872545,
    "num_eval_samples": 20,
    "avg_predict_time_sec": 0.4456850472837687
  }
}