{
  "timings": {
    "fit_time_sec": 8.052606934681535,
    "predict_time_sec": 1.7019655238837004,
    "total_time_sec": 9.754572458565235,
    "num_eval_samples": 20,
    "avg_predict_time_sec": 0.08509827619418502
  }
}