{
  "model": "qwen3_vl",
  "dataset": "naturalbench_vqa",
  "method": "zero_shot",
  "evaluator": "raw",
  "metrics": {
    "metric": "raw_accuracy",
    "accuracy": 0.475,
    "correct": 19.0,
    "total": 40.0,
    "label_order": [
      "Yes",
      "No",
      "A",
      "B"
    ],
    "confusion_matrix": {
      "labels": [
        "Yes",
        "No",
        "A",
        "B"
      ],
      "matrix": [
        [
          6,
          2,
          0,
          0
        ],
        [
          1,
          7,
          0,
          0
        ],
        [
          9,
          1,
          2,
          0
        ],
        [
          5,
          3,
          0,
          4
        ]
      ]
    },
    "per_class": {
      "Yes": {
        "precision": 0.2857142857142857,
        "recall": 0.75,
        "f1": 0.4137931034482759,
        "support": 8.0,
        "predicted": 21.0,
        "true_positive": 6.0,
        "false_positive": 15.0,
        "false_negative": 2.0
      },
      "No": {
        "precision": 0.5384615384615384,
        "recall": 0.875,
        "f1": 0.6666666666666667,
        "support": 8.0,
        "predicted": 13.0,
        "true_positive": 7.0,
        "false_positive": 6.0,
        "false_negative": 1.0
      },
      "A": {
        "precision": 1.0,
        "recall": 0.16666666666666666,
        "f1": 0.2857142857142857,
        "support": 12.0,
        "predicted": 2.0,
        "true_positive": 2.0,
        "false_positive": 0.0,
        "false_negative": 10.0
      },
      "B": {
        "precision": 1.0,
        "recall": 0.3333333333333333,
        "f1": 0.5,
        "support": 12.0,
        "predicted": 4.0,
        "true_positive": 4.0,
        "false_positive": 0.0,
        "false_negative": 8.0
      }
    },
    "macro_precision": 0.706043956043956,
    "macro_recall": 0.53125,
    "macro_f1": 0.4665435139573071,
    "balanced_accuracy": 0.53125
  },
  "timings": {
    "fit_time_sec": 1.1941418051719666e-05,
    "predict_time_sec": 21.232969906181097,
    "total_time_sec": 21.23298184759915,
    "num_eval_samples": 40,
    "avg_predict_time_sec": 0.5308242476545274
  }
}