{
  "timings": {
    "fit_time_sec": 1.2589618563652039e-05,
    "predict_time_sec": 5.3175945635885,
    "total_time_sec": 5.317607153207064,
    "num_eval_samples": 20,
    "avg_predict_time_sec": 0.265879728179425
  }
}