{
  "timings": {
    "fit_time_sec": 1.3558194041252136e-05,
    "predict_time_sec": 4.6046610660851,
    "total_time_sec": 4.604674624279141,
    "num_eval_samples": 40,
    "avg_predict_time_sec": 0.1151165266521275
  }
}