{
  "timings": {
    "fit_time_sec": 17.32889135926962,
    "predict_time_sec": 1.355106370523572,
    "total_time_sec": 18.68399772979319,
    "num_eval_samples": 20,
    "avg_predict_time_sec": 0.0677553185261786
  }
}