{
  "model": "qwen3_vl",
  "dataset": "naturalbench_vqa",
  "method": "rsev2",
  "evaluator": "raw",
  "metrics": {
    "metric": "raw_accuracy",
    "accuracy": 0.8,
    "correct": 32.0,
    "total": 40.0,
    "label_order": [
      "Yes",
      "No",
      "A",
      "B"
    ],
    "confusion_matrix": {
      "labels": [
        "Yes",
        "No",
        "A",
        "B"
      ],
      "matrix": [
        [
          5,
          3,
          0,
          0
        ],
        [
          1,
          7,
          0,
          0
        ],
        [
          0,
          0,
          11,
          1
        ],
        [
          0,
          0,
          3,
          9
        ]
      ]
    },
    "per_class": {
      "Yes": {
        "precision": 0.8333333333333334,
        "recall": 0.625,
        "f1": 0.7142857142857143,
        "support": 8.0,
        "predicted": 6.0,
        "true_positive": 5.0,
        "false_positive": 1.0,
        "false_negative": 3.0
      },
      "No": {
        "precision": 0.7,
        "recall": 0.875,
        "f1": 0.7777777777777777,
        "support": 8.0,
        "predicted": 10.0,
        "true_positive": 7.0,
        "false_positive": 3.0,
        "false_negative": 1.0
      },
      "A": {
        "precision": 0.7857142857142857,
        "recall": 0.9166666666666666,
        "f1": 0.8461538461538461,
        "support": 12.0,
        "predicted": 14.0,
        "true_positive": 11.0,
        "false_positive": 3.0,
        "false_negative": 1.0
      },
      "B": {
        "precision": 0.9,
        "recall": 0.75,
        "f1": 0.8181818181818182,
        "support": 12.0,
        "predicted": 10.0,
        "true_positive": 9.0,
        "false_positive": 1.0,
        "false_negative": 3.0
      }
    },
    "macro_precision": 0.8047619047619048,
    "macro_recall": 0.7916666666666666,
    "macro_f1": 0.7890997890997891,
    "balanced_accuracy": 0.7916666666666666
  },
  "timings": {
    "fit_time_sec": 29.57183146290481,
    "predict_time_sec": 23.703772889450192,
    "total_time_sec": 53.275604352355,
    "num_eval_samples": 40,
    "avg_predict_time_sec": 0.5925943222362549
  }
}