{
  "timings": {
    "fit_time_sec": 2.4361535906791687e-05,
    "predict_time_sec": 7.739087896421552,
    "total_time_sec": 7.7391122579574585,
    "num_eval_samples": 20,
    "avg_predict_time_sec": 0.3869543948210776
  }
}