{
  "timings": {
    "fit_time_sec": 11.437045024707913,
    "predict_time_sec": 2.246776096522808,
    "total_time_sec": 13.683821121230721,
    "num_eval_samples": 20,
    "avg_predict_time_sec": 0.1123388048261404
  }
}