{
  "timings": {
    "fit_time_sec": 1.3852491974830627e-05,
    "predict_time_sec": 11.61437290161848,
    "total_time_sec": 11.614386754110456,
    "num_eval_samples": 70,
    "avg_predict_time_sec": 0.16591961288026402
  }
}