{
  "timings": {
    "fit_time_sec": 1.2852251529693604e-05,
    "predict_time_sec": 8.737217765301466,
    "total_time_sec": 8.737230617552996,
    "num_eval_samples": 20,
    "avg_predict_time_sec": 0.4368608882650733
  }
}