{
  "timings": {
    "fit_time_sec": 13.305170256644487,
    "predict_time_sec": 1.2862322349101305,
    "total_time_sec": 14.591402491554618,
    "num_eval_samples": 20,
    "avg_predict_time_sec": 0.06431161174550652
  }
}