{
  "timings": {
    "fit_time_sec": 12.242904687300324,
    "predict_time_sec": 1.8127836026251316,
    "total_time_sec": 14.055688289925456,
    "num_eval_samples": 50,
    "avg_predict_time_sec": 0.03625567205250263
  }
}