{
  "timings": {
    "fit_time_sec": 1.2563541531562805e-05,
    "predict_time_sec": 7.845087705180049,
    "total_time_sec": 7.8451002687215805,
    "num_eval_samples": 20,
    "avg_predict_time_sec": 0.39225438525900247
  }
}