{
  "timings": {
    "fit_time_sec": 1.3167038559913635e-05,
    "predict_time_sec": 13.151711573824286,
    "total_time_sec": 13.151724740862846,
    "num_eval_samples": 16,
    "avg_predict_time_sec": 0.8219819733640179
  }
}