{
  "timings": {
    "fit_time_sec": 59.8282811306417,
    "predict_time_sec": 17.63803987391293,
    "total_time_sec": 77.46632100455463,
    "num_eval_samples": 40,
    "avg_predict_time_sec": 0.44095099684782324
  }
}