{
  "timings": {
    "fit_time_sec": 1.5500932931900024e-05,
    "predict_time_sec": 13.250143928453326,
    "total_time_sec": 13.250159429386258,
    "num_eval_samples": 40,
    "avg_predict_time_sec": 0.33125359821133316
  }
}