{
  "timings": {
    "fit_time_sec": 1.786649227142334e-05,
    "predict_time_sec": 27.521191911771894,
    "total_time_sec": 27.521209778264165,
    "num_eval_samples": 40,
    "avg_predict_time_sec": 0.6880297977942973
  }
}