{
  "timings": {
    "fit_time_sec": 1.1924654245376587e-05,
    "predict_time_sec": 16.479757748544216,
    "total_time_sec": 16.47976967319846,
    "num_eval_samples": 102,
    "avg_predict_time_sec": 0.161566252436708
  }
}