{
  "timings": {
    "fit_time_sec": 11.741999315097928,
    "predict_time_sec": 2.6204502657055855,
    "total_time_sec": 14.362449580803514,
    "num_eval_samples": 20,
    "avg_predict_time_sec": 0.13102251328527928
  }
}