{
  "timings": {
    "fit_time_sec": 1.2584030628204346e-05,
    "predict_time_sec": 21.582479229196906,
    "total_time_sec": 21.582491813227534,
    "num_eval_samples": 50,
    "avg_predict_time_sec": 0.4316495845839381
  }
}