{
  "timings": {
    "fit_time_sec": 33.37940907664597,
    "predict_time_sec": 2.9841626714915037,
    "total_time_sec": 36.363571748137474,
    "num_eval_samples": 15,
    "avg_predict_time_sec": 0.19894417809943357
  }
}