{
  "timings": {
    "fit_time_sec": 68.60261600837111,
    "predict_time_sec": 24.33140140771866,
    "total_time_sec": 92.93401741608977,
    "num_eval_samples": 40,
    "avg_predict_time_sec": 0.6082850351929665
  }
}