{
  "timings": {
    "fit_time_sec": 1.3068318367004395e-05,
    "predict_time_sec": 8.16681345552206,
    "total_time_sec": 8.166826523840427,
    "num_eval_samples": 20,
    "avg_predict_time_sec": 0.40834067277610303
  }
}