{
  "timings": {
    "fit_time_sec": 1.3114884495735168e-05,
    "predict_time_sec": 14.974571075290442,
    "total_time_sec": 14.974584190174937,
    "num_eval_samples": 20,
    "avg_predict_time_sec": 0.7487285537645221
  }
}