{
  "timings": {
    "fit_time_sec": 15.06847769394517,
    "predict_time_sec": 1.3940948974341154,
    "total_time_sec": 16.462572591379285,
    "num_eval_samples": 20,
    "avg_predict_time_sec": 0.06970474487170578
  }
}