{
  "timings": {
    "fit_time_sec": 1.1727213859558105e-05,
    "predict_time_sec": 16.732057170942426,
    "total_time_sec": 16.732068898156285,
    "num_eval_samples": 102,
    "avg_predict_time_sec": 0.16403977618571006
  }
}