{
  "timings": {
    "fit_time_sec": 75.8600156698376,
    "predict_time_sec": 27.219877978786826,
    "total_time_sec": 103.07989364862442,
    "num_eval_samples": 40,
    "avg_predict_time_sec": 0.6804969494696707
  }
}