{
  "timings": {
    "fit_time_sec": 1.2950971722602844e-05,
    "predict_time_sec": 3.4985395800322294,
    "total_time_sec": 3.498552531003952,
    "num_eval_samples": 20,
    "avg_predict_time_sec": 0.17492697900161147
  }
}