{
  "timings": {
    "fit_time_sec": 1.2548640370368958e-05,
    "predict_time_sec": 19.727872472256422,
    "total_time_sec": 19.727885020896792,
    "num_eval_samples": 40,
    "avg_predict_time_sec": 0.49319681180641056
  }
}