{
  "timings": {
    "fit_time_sec": 1.3772398233413696e-05,
    "predict_time_sec": 8.136803556233644,
    "total_time_sec": 8.136817328631878,
    "num_eval_samples": 15,
    "avg_predict_time_sec": 0.5424535704155763
  }
}