{
  "timings": {
    "fit_time_sec": 9.013936715200543,
    "predict_time_sec": 3.3326564468443394,
    "total_time_sec": 12.346593162044883,
    "num_eval_samples": 40,
    "avg_predict_time_sec": 0.08331641117110848
  }
}