{
  "timings": {
    "fit_time_sec": 1.3787299394607544e-05,
    "predict_time_sec": 13.54801774956286,
    "total_time_sec": 13.548031536862254,
    "num_eval_samples": 20,
    "avg_predict_time_sec": 0.677400887478143
  }
}