{
  "timings": {
    "fit_time_sec": 1.849234104156494e-05,
    "predict_time_sec": 7.417656891047955,
    "total_time_sec": 7.417675383388996,
    "num_eval_samples": 40,
    "avg_predict_time_sec": 0.18544142227619886
  }
}