{
  "timings": {
    "fit_time_sec": 1.1881813406944275e-05,
    "predict_time_sec": 15.869368446990848,
    "total_time_sec": 15.869380328804255,
    "num_eval_samples": 40,
    "avg_predict_time_sec": 0.3967342111747712
  }
}