{
  "timings": {
    "fit_time_sec": 1.4614313840866089e-05,
    "predict_time_sec": 3.445462364703417,
    "total_time_sec": 3.4454769790172577,
    "num_eval_samples": 20,
    "avg_predict_time_sec": 0.17227311823517083
  }
}