{
  "timings": {
    "fit_time_sec": 10.11919218301773,
    "predict_time_sec": 3.6116402316838503,
    "total_time_sec": 13.730832414701581,
    "num_eval_samples": 40,
    "avg_predict_time_sec": 0.09029100579209626
  }
}