{
  "timings": {
    "fit_time_sec": 1.4087185263633728e-05,
    "predict_time_sec": 34.26234160736203,
    "total_time_sec": 34.262355694547296,
    "num_eval_samples": 20,
    "avg_predict_time_sec": 1.7131170803681015
  }
}