{
  "timings": {
    "fit_time_sec": 1.3941898941993713e-05,
    "predict_time_sec": 19.397580007091165,
    "total_time_sec": 19.397593948990107,
    "num_eval_samples": 40,
    "avg_predict_time_sec": 0.4849395001772791
  }
}