{
  "timings": {
    "fit_time_sec": 1.2330710887908936e-05,
    "predict_time_sec": 26.336053101345897,
    "total_time_sec": 26.336065432056785,
    "num_eval_samples": 20,
    "avg_predict_time_sec": 1.3168026550672949
  }
}