{
  "timings": {
    "fit_time_sec": 1.9840896129608154e-05,
    "predict_time_sec": 42.234520606696606,
    "total_time_sec": 42.234540447592735,
    "num_eval_samples": 102,
    "avg_predict_time_sec": 0.4140639275166334
  }
}