{
  "timings": {
    "fit_time_sec": 1.224316656589508e-05,
    "predict_time_sec": 9.431650500744581,
    "total_time_sec": 9.431662743911147,
    "num_eval_samples": 20,
    "avg_predict_time_sec": 0.4715825250372291
  }
}