{
  "timings": {
    "fit_time_sec": 1.3193115592002869e-05,
    "predict_time_sec": 27.83242430537939,
    "total_time_sec": 27.832437498494983,
    "num_eval_samples": 20,
    "avg_predict_time_sec": 1.3916212152689695
  }
}