{
  "timings": {
    "fit_time_sec": 1.292489469051361e-05,
    "predict_time_sec": 4.207777494564652,
    "total_time_sec": 4.207790419459343,
    "num_eval_samples": 40,
    "avg_predict_time_sec": 0.10519443736411631
  }
}