{
  "timings": {
    "fit_time_sec": 1.263059675693512e-05,
    "predict_time_sec": 6.02576195076108,
    "total_time_sec": 6.025774581357837,
    "num_eval_samples": 20,
    "avg_predict_time_sec": 0.30128809753805397
  }
}