{
  "timings": {
    "fit_time_sec": 1.2053176760673523e-05,
    "predict_time_sec": 43.37284934706986,
    "total_time_sec": 43.37286140024662,
    "num_eval_samples": 200,
    "avg_predict_time_sec": 0.2168642467353493
  }
}