{
  "timings": {
    "fit_time_sec": 1.2295320630073547e-05,
    "predict_time_sec": 7.906002793461084,
    "total_time_sec": 7.906015088781714,
    "num_eval_samples": 20,
    "avg_predict_time_sec": 0.3953001396730542
  }
}