{
  "timings": {
    "fit_time_sec": 1.8011778593063354e-05,
    "predict_time_sec": 11.752798875793815,
    "total_time_sec": 11.752816887572408,
    "num_eval_samples": 20,
    "avg_predict_time_sec": 0.5876399437896908
  }
}