{
  "timings": {
    "fit_time_sec": 7.888322163373232,
    "predict_time_sec": 1.2656912058591843,
    "total_time_sec": 9.154013369232416,
    "num_eval_samples": 20,
    "avg_predict_time_sec": 0.06328456029295922
  }
}