{
  "timings": {
    "fit_time_sec": 11.965817077085376,
    "predict_time_sec": 2.275207357481122,
    "total_time_sec": 14.241024434566498,
    "num_eval_samples": 20,
    "avg_predict_time_sec": 0.1137603678740561
  }
}