{
  "timings": {
    "fit_time_sec": 1.2645497918128967e-05,
    "predict_time_sec": 8.580793621018529,
    "total_time_sec": 8.580806266516447,
    "num_eval_samples": 20,
    "avg_predict_time_sec": 0.42903968105092644
  }
}