{
  "timings": {
    "fit_time_sec": 1.7879530787467957e-05,
    "predict_time_sec": 14.949246890842915,
    "total_time_sec": 14.949264770373702,
    "num_eval_samples": 40,
    "avg_predict_time_sec": 0.3737311722710729
  }
}