{
  "timings": {
    "fit_time_sec": 1.8497928977012634e-05,
    "predict_time_sec": 8.07206041738391,
    "total_time_sec": 8.072078915312886,
    "num_eval_samples": 40,
    "avg_predict_time_sec": 0.20180151043459774
  }
}