{
  "timings": {
    "fit_time_sec": 27.46653121896088,
    "predict_time_sec": 5.031661339104176,
    "total_time_sec": 32.49819255806506,
    "num_eval_samples": 20,
    "avg_predict_time_sec": 0.25158306695520877
  }
}