{
  "timings": {
    "fit_time_sec": 74.85225382260978,
    "predict_time_sec": 26.748350167647004,
    "total_time_sec": 101.60060399025679,
    "num_eval_samples": 40,
    "avg_predict_time_sec": 0.6687087541911751
  }
}