{
  "timings": {
    "fit_time_sec": 1.8691644072532654e-05,
    "predict_time_sec": 14.782054057344794,
    "total_time_sec": 14.782072748988867,
    "num_eval_samples": 20,
    "avg_predict_time_sec": 0.7391027028672397
  }
}