{
  "timings": {
    "fit_time_sec": 1.1751428246498108e-05,
    "predict_time_sec": 6.076417660340667,
    "total_time_sec": 6.076429411768913,
    "num_eval_samples": 50,
    "avg_predict_time_sec": 0.12152835320681334
  }
}