{
  "timings": {
    "fit_time_sec": 1.842901110649109e-05,
    "predict_time_sec": 19.403980342671275,
    "total_time_sec": 19.40399877168238,
    "num_eval_samples": 40,
    "avg_predict_time_sec": 0.48509950856678186
  }
}