{
  "timings": {
    "fit_time_sec": 81.97985942289233,
    "predict_time_sec": 26.48566297441721,
    "total_time_sec": 108.46552239730954,
    "num_eval_samples": 20,
    "avg_predict_time_sec": 1.3242831487208604
  }
}