{
  "timings": {
    "fit_time_sec": 48.28364041633904,
    "predict_time_sec": 18.857748007401824,
    "total_time_sec": 67.14138842374086,
    "num_eval_samples": 40,
    "avg_predict_time_sec": 0.4714437001850456
  }
}