{
  "timings": {
    "fit_time_sec": 8.142071725800633,
    "predict_time_sec": 3.040258038789034,
    "total_time_sec": 11.182329764589667,
    "num_eval_samples": 40,
    "avg_predict_time_sec": 0.07600645096972584
  }
}