{
  "timings": {
    "fit_time_sec": 1.315772533416748e-05,
    "predict_time_sec": 80.88914680294693,
    "total_time_sec": 80.88915996067226,
    "num_eval_samples": 200,
    "avg_predict_time_sec": 0.4044457340147346
  }
}