{
  "timings": {
    "fit_time_sec": 1.3310462236404419e-05,
    "predict_time_sec": 20.768971234560013,
    "total_time_sec": 20.76898454502225,
    "num_eval_samples": 200,
    "avg_predict_time_sec": 0.10384485617280007
  }
}