{
  "timings": {
    "fit_time_sec": 1.4241784811019897e-05,
    "predict_time_sec": 53.50294649600983,
    "total_time_sec": 53.50296073779464,
    "num_eval_samples": 40,
    "avg_predict_time_sec": 1.3375736624002457
  }
}