{
  "timings": {
    "fit_time_sec": 1.2665987014770508e-05,
    "predict_time_sec": 6.104588884860277,
    "total_time_sec": 6.104601550847292,
    "num_eval_samples": 15,
    "avg_predict_time_sec": 0.4069725923240185
  }
}