{
  "timings": {
    "fit_time_sec": 2.2348016500473022e-05,
    "predict_time_sec": 8.659049173817039,
    "total_time_sec": 8.659071521833539,
    "num_eval_samples": 50,
    "avg_predict_time_sec": 0.17318098347634078
  }
}