{
  "timings": {
    "fit_time_sec": 34.50674463622272,
    "predict_time_sec": 1.1062333155423403,
    "total_time_sec": 35.61297795176506,
    "num_eval_samples": 20,
    "avg_predict_time_sec": 0.05531166577711701
  }
}