{
  "timings": {
    "fit_time_sec": 75.23817300610244,
    "predict_time_sec": 26.33595267497003,
    "total_time_sec": 101.57412568107247,
    "num_eval_samples": 40,
    "avg_predict_time_sec": 0.6583988168742507
  }
}