{
  "timings": {
    "fit_time_sec": 1.7795711755752563e-05,
    "predict_time_sec": 7.495488073676825,
    "total_time_sec": 7.49550586938858,
    "num_eval_samples": 20,
    "avg_predict_time_sec": 0.37477440368384124
  }
}