{
  "timings": {
    "fit_time_sec": 10.080674348399043,
    "predict_time_sec": 4.360929040238261,
    "total_time_sec": 14.441603388637304,
    "num_eval_samples": 40,
    "avg_predict_time_sec": 0.10902322600595653
  }
}