{
  "timings": {
    "fit_time_sec": 1.66427344083786e-05,
    "predict_time_sec": 15.972855780273676,
    "total_time_sec": 15.972872423008084,
    "num_eval_samples": 20,
    "avg_predict_time_sec": 0.7986427890136838
  }
}