{
  "timings": {
    "fit_time_sec": 13.236781999468803,
    "predict_time_sec": 1.104422276839614,
    "total_time_sec": 14.341204276308417,
    "num_eval_samples": 20,
    "avg_predict_time_sec": 0.055221113841980696
  }
}