{
  "timings": {
    "fit_time_sec": 2.2016465663909912e-05,
    "predict_time_sec": 5.367880942299962,
    "total_time_sec": 5.367902958765626,
    "num_eval_samples": 20,
    "avg_predict_time_sec": 0.2683940471149981
  }
}