{
  "timings": {
    "fit_time_sec": 9.430602183565497,
    "predict_time_sec": 4.3323727156966925,
    "total_time_sec": 13.76297489926219,
    "num_eval_samples": 40,
    "avg_predict_time_sec": 0.10830931789241731
  }
}