{
  "timings": {
    "fit_time_sec": 34.56020463630557,
    "predict_time_sec": 13.67975520901382,
    "total_time_sec": 48.23995984531939,
    "num_eval_samples": 70,
    "avg_predict_time_sec": 0.19542507441448315
  }
}