{
  "timings": {
    "fit_time_sec": 10.61334041506052,
    "predict_time_sec": 3.7307379599660635,
    "total_time_sec": 14.344078375026584,
    "num_eval_samples": 40,
    "avg_predict_time_sec": 0.09326844899915158
  }
}