{
  "timings": {
    "fit_time_sec": 48.17462044581771,
    "predict_time_sec": 11.996682738885283,
    "total_time_sec": 60.17130318470299,
    "num_eval_samples": 102,
    "avg_predict_time_sec": 0.11761453665573807
  }
}