{
  "timings": {
    "fit_time_sec": 118.3156487941742,
    "predict_time_sec": 60.032811967656016,
    "total_time_sec": 178.3484607618302,
    "num_eval_samples": 200,
    "avg_predict_time_sec": 0.3001640598382801
  }
}