{
  "model": "qwen3_vl",
  "dataset": "sugarcrepe",
  "method": "rsev2",
  "evaluator": "pair",
  "metrics": {
    "metric": "pair_accuracy",
    "pair_accuracy": 0.55,
    "pair_correct": 11.0,
    "pair_total": 20.0,
    "raw_accuracy": 0.775,
    "label_order": [
      "Yes",
      "No"
    ],
    "confusion_matrix": {
      "labels": [
        "Yes",
        "No"
      ],
      "matrix": [
        [
          17,
          3
        ],
        [
          6,
          14
        ]
      ]
    },
    "per_class": {
      "Yes": {
        "precision": 0.7391304347826086,
        "recall": 0.85,
        "f1": 0.7906976744186046,
        "support": 20.0,
        "predicted": 23.0,
        "true_positive": 17.0,
        "false_positive": 6.0,
        "false_negative": 3.0
      },
      "No": {
        "precision": 0.8235294117647058,
        "recall": 0.7,
        "f1": 0.7567567567567567,
        "support": 20.0,
        "predicted": 17.0,
        "true_positive": 14.0,
        "false_positive": 3.0,
        "false_negative": 6.0
      }
    },
    "macro_precision": 0.7813299232736572,
    "macro_recall": 0.7749999999999999,
    "macro_f1": 0.7737272155876807,
    "balanced_accuracy": 0.7749999999999999
  },
  "timings": {
    "fit_time_sec": 5.88369414396584,
    "predict_time_sec": 3.942445255815983,
    "total_time_sec": 9.826139399781823,
    "num_eval_samples": 40,
    "avg_predict_time_sec": 0.09856113139539957
  }
}