{
  "timings": {
    "fit_time_sec": 106.69961206056178,
    "predict_time_sec": 29.6977968942374,
    "total_time_sec": 136.39740895479918,
    "num_eval_samples": 40,
    "avg_predict_time_sec": 0.742444922355935
  }
}