{
  "timings": {
    "fit_time_sec": 1.4632940292358398e-05,
    "predict_time_sec": 15.741887416690588,
    "total_time_sec": 15.74190204963088,
    "num_eval_samples": 40,
    "avg_predict_time_sec": 0.3935471854172647
  }
}