{
  "timings": {
    "fit_time_sec": 1.6883015632629395e-05,
    "predict_time_sec": 6.881436157971621,
    "total_time_sec": 6.881453040987253,
    "num_eval_samples": 20,
    "avg_predict_time_sec": 0.34407180789858105
  }
}