{
  "timings": {
    "fit_time_sec": 1.1818483471870422e-05,
    "predict_time_sec": 8.036088751628995,
    "total_time_sec": 8.036100570112467,
    "num_eval_samples": 20,
    "avg_predict_time_sec": 0.40180443758144974
  }
}