{
  "timings": {
    "fit_time_sec": 1.2530013918876648e-05,
    "predict_time_sec": 10.378500908613205,
    "total_time_sec": 10.378513438627124,
    "num_eval_samples": 70,
    "avg_predict_time_sec": 0.14826429869447436
  }
}