{
  "timings": {
    "fit_time_sec": 1.852773129940033e-05,
    "predict_time_sec": 7.899912351742387,
    "total_time_sec": 7.899930879473686,
    "num_eval_samples": 20,
    "avg_predict_time_sec": 0.3949956175871193
  }
}