{
  "timings": {
    "fit_time_sec": 9.060998413711786,
    "predict_time_sec": 1.6161439828574657,
    "total_time_sec": 10.677142396569252,
    "num_eval_samples": 20,
    "avg_predict_time_sec": 0.08080719914287329
  }
}