{
  "timings": {
    "fit_time_sec": 187.34295359253883,
    "predict_time_sec": 67.40172422491014,
    "total_time_sec": 254.74467781744897,
    "num_eval_samples": 200,
    "avg_predict_time_sec": 0.3370086211245507
  }
}