{
  "model": "qwen3_vl",
  "dataset": "naturalbench_vqa",
  "method": "sav",
  "evaluator": "raw",
  "metrics": {
    "metric": "raw_accuracy",
    "accuracy": 0.625,
    "correct": 25.0,
    "total": 40.0,
    "label_order": [
      "Yes",
      "No",
      "A",
      "B"
    ],
    "confusion_matrix": {
      "labels": [
        "Yes",
        "No",
        "A",
        "B"
      ],
      "matrix": [
        [
          4,
          2,
          0,
          0
        ],
        [
          1,
          5,
          0,
          0
        ],
        [
          0,
          0,
          7,
          7
        ],
        [
          0,
          0,
          5,
          9
        ]
      ]
    },
    "per_class": {
      "Yes": {
        "precision": 0.8,
        "recall": 0.6666666666666666,
        "f1": 0.7272727272727272,
        "support": 6.0,
        "predicted": 5.0,
        "true_positive": 4.0,
        "false_positive": 1.0,
        "false_negative": 2.0
      },
      "No": {
        "precision": 0.7142857142857143,
        "recall": 0.8333333333333334,
        "f1": 0.7692307692307692,
        "support": 6.0,
        "predicted": 7.0,
        "true_positive": 5.0,
        "false_positive": 2.0,
        "false_negative": 1.0
      },
      "A": {
        "precision": 0.5833333333333334,
        "recall": 0.5,
        "f1": 0.5384615384615384,
        "support": 14.0,
        "predicted": 12.0,
        "true_positive": 7.0,
        "false_positive": 5.0,
        "false_negative": 7.0
      },
      "B": {
        "precision": 0.5625,
        "recall": 0.6428571428571429,
        "f1": 0.6000000000000001,
        "support": 14.0,
        "predicted": 16.0,
        "true_positive": 9.0,
        "false_positive": 7.0,
        "false_negative": 5.0
      }
    },
    "macro_precision": 0.6650297619047619,
    "macro_recall": 0.6607142857142857,
    "macro_f1": 0.6587412587412587,
    "balanced_accuracy": 0.6607142857142857
  },
  "timings": {
    "fit_time_sec": 68.60261600837111,
    "predict_time_sec": 24.33140140771866,
    "total_time_sec": 92.93401741608977,
    "num_eval_samples": 40,
    "avg_predict_time_sec": 0.6082850351929665
  }
}