{
  "timings": {
    "fit_time_sec": 7.899564864113927,
    "predict_time_sec": 1.689339004456997,
    "total_time_sec": 9.588903868570924,
    "num_eval_samples": 20,
    "avg_predict_time_sec": 0.08446695022284985
  }
}