{
  "timings": {
    "fit_time_sec": 1.921132206916809e-05,
    "predict_time_sec": 64.31986335292459,
    "total_time_sec": 64.31988256424665,
    "num_eval_samples": 40,
    "avg_predict_time_sec": 1.6079965838231147
  }
}