{
  "timings": {
    "fit_time_sec": 7.398505447432399,
    "predict_time_sec": 1.2391591109335423,
    "total_time_sec": 8.637664558365941,
    "num_eval_samples": 20,
    "avg_predict_time_sec": 0.061957955546677115
  }
}