{
  "timings": {
    "fit_time_sec": 6.375038793310523,
    "predict_time_sec": 1.2700187470763922,
    "total_time_sec": 7.645057540386915,
    "num_eval_samples": 20,
    "avg_predict_time_sec": 0.0635009373538196
  }
}