{
  "timings": {
    "fit_time_sec": 76.27090211957693,
    "predict_time_sec": 7.400838868692517,
    "total_time_sec": 83.67174098826945,
    "num_eval_samples": 20,
    "avg_predict_time_sec": 0.3700419434346259
  }
}