{
  "timings": {
    "fit_time_sec": 1.4327466487884521e-05,
    "predict_time_sec": 25.058356875553727,
    "total_time_sec": 25.058371203020215,
    "num_eval_samples": 70,
    "avg_predict_time_sec": 0.3579765267936247
  }
}