{
  "timings": {
    "fit_time_sec": 17.75759574957192,
    "predict_time_sec": 11.116577947512269,
    "total_time_sec": 28.87417369708419,
    "num_eval_samples": 40,
    "avg_predict_time_sec": 0.27791444868780674
  }
}