{
  "model": "qwen2_vl",
  "dataset": "naturalbench_vqa",
  "method": "rsev2",
  "evaluator": "raw",
  "metrics": {
    "metric": "raw_accuracy",
    "accuracy": 0.675,
    "correct": 27.0,
    "total": 40.0,
    "label_order": [
      "Yes",
      "No",
      "A",
      "B"
    ],
    "confusion_matrix": {
      "labels": [
        "Yes",
        "No",
        "A",
        "B"
      ],
      "matrix": [
        [
          5,
          3,
          0,
          0
        ],
        [
          3,
          5,
          0,
          0
        ],
        [
          0,
          0,
          10,
          2
        ],
        [
          0,
          0,
          5,
          7
        ]
      ]
    },
    "per_class": {
      "Yes": {
        "precision": 0.625,
        "recall": 0.625,
        "f1": 0.625,
        "support": 8.0,
        "predicted": 8.0,
        "true_positive": 5.0,
        "false_positive": 3.0,
        "false_negative": 3.0
      },
      "No": {
        "precision": 0.625,
        "recall": 0.625,
        "f1": 0.625,
        "support": 8.0,
        "predicted": 8.0,
        "true_positive": 5.0,
        "false_positive": 3.0,
        "false_negative": 3.0
      },
      "A": {
        "precision": 0.6666666666666666,
        "recall": 0.8333333333333334,
        "f1": 0.7407407407407408,
        "support": 12.0,
        "predicted": 15.0,
        "true_positive": 10.0,
        "false_positive": 5.0,
        "false_negative": 2.0
      },
      "B": {
        "precision": 0.7777777777777778,
        "recall": 0.5833333333333334,
        "f1": 0.6666666666666666,
        "support": 12.0,
        "predicted": 9.0,
        "true_positive": 7.0,
        "false_positive": 2.0,
        "false_negative": 5.0
      }
    },
    "macro_precision": 0.6736111111111112,
    "macro_recall": 0.6666666666666667,
    "macro_f1": 0.6643518518518519,
    "balanced_accuracy": 0.6666666666666667
  },
  "timings": {
    "fit_time_sec": 40.225385999307036,
    "predict_time_sec": 30.956353317946196,
    "total_time_sec": 71.18173931725323,
    "num_eval_samples": 40,
    "avg_predict_time_sec": 0.7739088329486549
  }
}