{
  "timings": {
    "fit_time_sec": 1.4685094356536865e-05,
    "predict_time_sec": 7.882286958396435,
    "total_time_sec": 7.882301643490791,
    "num_eval_samples": 15,
    "avg_predict_time_sec": 0.525485797226429
  }
}