{
  "timings": {
    "fit_time_sec": 8.654125710949302,
    "predict_time_sec": 3.3427579067647457,
    "total_time_sec": 11.996883617714047,
    "num_eval_samples": 40,
    "avg_predict_time_sec": 0.08356894766911864
  }
}