{
  "timings": {
    "fit_time_sec": 1.1565163731575012e-05,
    "predict_time_sec": 16.03262626938522,
    "total_time_sec": 16.03263783454895,
    "num_eval_samples": 40,
    "avg_predict_time_sec": 0.4008156567346305
  }
}