{
  "timings": {
    "fit_time_sec": 1.1835247278213501e-05,
    "predict_time_sec": 6.752947943285108,
    "total_time_sec": 6.752959778532386,
    "num_eval_samples": 40,
    "avg_predict_time_sec": 0.1688236985821277
  }
}