{
  "timings": {
    "fit_time_sec": 1.4515593647956848e-05,
    "predict_time_sec": 6.1930286306887865,
    "total_time_sec": 6.1930431462824345,
    "num_eval_samples": 50,
    "avg_predict_time_sec": 0.12386057261377573
  }
}