{
  "timings": {
    "fit_time_sec": 26.9511794205755,
    "predict_time_sec": 4.9717531986534595,
    "total_time_sec": 31.92293261922896,
    "num_eval_samples": 20,
    "avg_predict_time_sec": 0.24858765993267298
  }
}