{
  "timings": {
    "fit_time_sec": 1.122988760471344e-05,
    "predict_time_sec": 15.685610547661781,
    "total_time_sec": 15.685621777549386,
    "num_eval_samples": 40,
    "avg_predict_time_sec": 0.39214026369154453
  }
}