{
  "timings": {
    "fit_time_sec": 1.773238182067871e-05,
    "predict_time_sec": 75.06934983283281,
    "total_time_sec": 75.06936756521463,
    "num_eval_samples": 200,
    "avg_predict_time_sec": 0.37534674916416405
  }
}