{
  "timings": {
    "fit_time_sec": 2.0537525415420532e-05,
    "predict_time_sec": 14.551151879131794,
    "total_time_sec": 14.55117241665721,
    "num_eval_samples": 40,
    "avg_predict_time_sec": 0.36377879697829485
  }
}