{
  "timings": {
    "fit_time_sec": 5.592033267021179e-05,
    "predict_time_sec": 44.352101331576705,
    "total_time_sec": 44.352157251909375,
    "num_eval_samples": 40,
    "avg_predict_time_sec": 1.1088025332894176
  }
}