{
  "timings": {
    "fit_time_sec": 93.13186421617866,
    "predict_time_sec": 11.9011869430542,
    "total_time_sec": 105.03305115923285,
    "num_eval_samples": 20,
    "avg_predict_time_sec": 0.5950593471527099
  }
}