{
  "timings": {
    "fit_time_sec": 1.197122037410736e-05,
    "predict_time_sec": 19.74313085898757,
    "total_time_sec": 19.743142830207944,
    "num_eval_samples": 40,
    "avg_predict_time_sec": 0.49357827147468925
  }
}