{
  "timings": {
    "fit_time_sec": 28.991995936259627,
    "predict_time_sec": 6.141344752162695,
    "total_time_sec": 35.13334068842232,
    "num_eval_samples": 20,
    "avg_predict_time_sec": 0.30706723760813476
  }
}