{
  "timings": {
    "fit_time_sec": 1.7387792468070984e-05,
    "predict_time_sec": 4.512479657307267,
    "total_time_sec": 4.512497045099735,
    "num_eval_samples": 40,
    "avg_predict_time_sec": 0.11281199143268168
  }
}