{
  "timings": {
    "fit_time_sec": 1.4115124940872192e-05,
    "predict_time_sec": 15.546795148402452,
    "total_time_sec": 15.546809263527393,
    "num_eval_samples": 40,
    "avg_predict_time_sec": 0.3886698787100613
  }
}