{
  "timings": {
    "fit_time_sec": 1.3442710041999817e-05,
    "predict_time_sec": 20.500500099733472,
    "total_time_sec": 20.500513542443514,
    "num_eval_samples": 102,
    "avg_predict_time_sec": 0.2009852950954262
  }
}