{
  "timings": {
    "fit_time_sec": 11.837748376652598,
    "predict_time_sec": 2.2227527257055044,
    "total_time_sec": 14.060501102358103,
    "num_eval_samples": 20,
    "avg_predict_time_sec": 0.11113763628527522
  }
}