{
  "timings": {
    "fit_time_sec": 1.3066455721855164e-05,
    "predict_time_sec": 34.53332894295454,
    "total_time_sec": 34.53334200941026,
    "num_eval_samples": 20,
    "avg_predict_time_sec": 1.726666447147727
  }
}