{
  "timings": {
    "fit_time_sec": 1.3841316103935242e-05,
    "predict_time_sec": 27.509676778689027,
    "total_time_sec": 27.50969062000513,
    "num_eval_samples": 40,
    "avg_predict_time_sec": 0.6877419194672256
  }
}