{
  "timings": {
    "fit_time_sec": 8.06833041459322,
    "predict_time_sec": 1.3939460050314665,
    "total_time_sec": 9.462276419624686,
    "num_eval_samples": 20,
    "avg_predict_time_sec": 0.06969730025157332
  }
}