{
  "timings": {
    "fit_time_sec": 1.2565404176712036e-05,
    "predict_time_sec": 25.128144158050418,
    "total_time_sec": 25.128156723454595,
    "num_eval_samples": 40,
    "avg_predict_time_sec": 0.6282036039512604
  }
}