{
  "timings": {
    "fit_time_sec": 1.24368816614151e-05,
    "predict_time_sec": 5.545509584248066,
    "total_time_sec": 5.545522021129727,
    "num_eval_samples": 20,
    "avg_predict_time_sec": 0.2772754792124033
  }
}