{
  "timings": {
    "fit_time_sec": 7.88640665076673,
    "predict_time_sec": 1.4469502978026867,
    "total_time_sec": 9.333356948569417,
    "num_eval_samples": 20,
    "avg_predict_time_sec": 0.07234751489013433
  }
}