{
  "timings": {
    "fit_time_sec": 2.6425346732139587e-05,
    "predict_time_sec": 14.550494406372309,
    "total_time_sec": 14.55052083171904,
    "num_eval_samples": 40,
    "avg_predict_time_sec": 0.36376236015930774
  }
}