{
  "timings": {
    "fit_time_sec": 36.266195736825466,
    "predict_time_sec": 3.724980678409338,
    "total_time_sec": 39.991176415234804,
    "num_eval_samples": 15,
    "avg_predict_time_sec": 0.2483320452272892
  }
}