{
  "model": "qwen2_vl",
  "dataset": "naturalbench_vqa",
  "method": "sav",
  "evaluator": "raw",
  "metrics": {
    "metric": "raw_accuracy",
    "accuracy": 0.7,
    "correct": 28.0,
    "total": 40.0,
    "label_order": [
      "Yes",
      "No",
      "A",
      "B"
    ],
    "confusion_matrix": {
      "labels": [
        "Yes",
        "No",
        "A",
        "B"
      ],
      "matrix": [
        [
          5,
          1,
          0,
          0
        ],
        [
          0,
          6,
          0,
          0
        ],
        [
          0,
          0,
          6,
          8
        ],
        [
          0,
          0,
          3,
          11
        ]
      ]
    },
    "per_class": {
      "Yes": {
        "precision": 1.0,
        "recall": 0.8333333333333334,
        "f1": 0.9090909090909091,
        "support": 6.0,
        "predicted": 5.0,
        "true_positive": 5.0,
        "false_positive": 0.0,
        "false_negative": 1.0
      },
      "No": {
        "precision": 0.8571428571428571,
        "recall": 1.0,
        "f1": 0.923076923076923,
        "support": 6.0,
        "predicted": 7.0,
        "true_positive": 6.0,
        "false_positive": 1.0,
        "false_negative": 0.0
      },
      "A": {
        "precision": 0.6666666666666666,
        "recall": 0.42857142857142855,
        "f1": 0.5217391304347826,
        "support": 14.0,
        "predicted": 9.0,
        "true_positive": 6.0,
        "false_positive": 3.0,
        "false_negative": 8.0
      },
      "B": {
        "precision": 0.5789473684210527,
        "recall": 0.7857142857142857,
        "f1": 0.6666666666666667,
        "support": 14.0,
        "predicted": 19.0,
        "true_positive": 11.0,
        "false_positive": 8.0,
        "false_negative": 3.0
      }
    },
    "macro_precision": 0.7756892230576441,
    "macro_recall": 0.7619047619047619,
    "macro_f1": 0.7551434073173203,
    "balanced_accuracy": 0.7619047619047619
  },
  "timings": {
    "fit_time_sec": 92.95633419044316,
    "predict_time_sec": 36.43360054306686,
    "total_time_sec": 129.38993473351002,
    "num_eval_samples": 40,
    "avg_predict_time_sec": 0.9108400135766714
  }
}