{
  "timings": {
    "fit_time_sec": 1.2595206499099731e-05,
    "predict_time_sec": 7.532675478607416,
    "total_time_sec": 7.532688073813915,
    "num_eval_samples": 40,
    "avg_predict_time_sec": 0.1883168869651854
  }
}