{
  "timings": {
    "fit_time_sec": 1.2693926692008972e-05,
    "predict_time_sec": 6.860787088051438,
    "total_time_sec": 6.86079978197813,
    "num_eval_samples": 40,
    "avg_predict_time_sec": 0.17151967720128597
  }
}