{
  "timings": {
    "fit_time_sec": 28.652193784713745,
    "predict_time_sec": 2.589663803577423,
    "total_time_sec": 31.241857588291168,
    "num_eval_samples": 50,
    "avg_predict_time_sec": 0.05179327607154846
  }
}