{
  "model": "qwen2_vl",
  "dataset": "blink_jigsaw",
  "method": "sav",
  "evaluator": "raw",
  "metrics": {
    "metric": "raw_accuracy",
    "accuracy": 0.45,
    "correct": 9.0,
    "total": 20.0,
    "label_order": [
      "(B)",
      "(A)"
    ],
    "confusion_matrix": {
      "labels": [
        "(B)",
        "(A)"
      ],
      "matrix": [
        [
          3,
          7
        ],
        [
          4,
          6
        ]
      ]
    },
    "per_class": {
      "(B)": {
        "precision": 0.42857142857142855,
        "recall": 0.3,
        "f1": 0.3529411764705882,
        "support": 10.0,
        "predicted": 7.0,
        "true_positive": 3.0,
        "false_positive": 4.0,
        "false_negative": 7.0
      },
      "(A)": {
        "precision": 0.46153846153846156,
        "recall": 0.6,
        "f1": 0.5217391304347826,
        "support": 10.0,
        "predicted": 13.0,
        "true_positive": 6.0,
        "false_positive": 7.0,
        "false_negative": 4.0
      }
    },
    "macro_precision": 0.44505494505494503,
    "macro_recall": 0.44999999999999996,
    "macro_f1": 0.4373401534526854,
    "balanced_accuracy": 0.44999999999999996
  },
  "timings": {
    "fit_time_sec": 7.325785158202052,
    "predict_time_sec": 1.458295563235879,
    "total_time_sec": 8.784080721437931,
    "num_eval_samples": 20,
    "avg_predict_time_sec": 0.07291477816179395
  }
}