{
  "model": "qwen2_vl",
  "dataset": "blink_relative_reflectance",
  "method": "rsev2",
  "evaluator": "raw",
  "metrics": {
    "metric": "raw_accuracy",
    "accuracy": 0.6666666666666666,
    "correct": 10.0,
    "total": 15.0,
    "label_order": [
      "(C)",
      "(A)",
      "(B)"
    ],
    "confusion_matrix": {
      "labels": [
        "(C)",
        "(A)",
        "(B)"
      ],
      "matrix": [
        [
          4,
          1,
          0
        ],
        [
          1,
          4,
          0
        ],
        [
          2,
          1,
          2
        ]
      ]
    },
    "per_class": {
      "(C)": {
        "precision": 0.5714285714285714,
        "recall": 0.8,
        "f1": 0.6666666666666666,
        "support": 5.0,
        "predicted": 7.0,
        "true_positive": 4.0,
        "false_positive": 3.0,
        "false_negative": 1.0
      },
      "(A)": {
        "precision": 0.6666666666666666,
        "recall": 0.8,
        "f1": 0.7272727272727272,
        "support": 5.0,
        "predicted": 6.0,
        "true_positive": 4.0,
        "false_positive": 2.0,
        "false_negative": 1.0
      },
      "(B)": {
        "precision": 1.0,
        "recall": 0.4,
        "f1": 0.5714285714285715,
        "support": 5.0,
        "predicted": 2.0,
        "true_positive": 2.0,
        "false_positive": 0.0,
        "false_negative": 3.0
      }
    },
    "macro_precision": 0.746031746031746,
    "macro_recall": 0.6666666666666666,
    "macro_f1": 0.6551226551226551,
    "balanced_accuracy": 0.6666666666666666
  },
  "timings": {
    "fit_time_sec": 16.818469846621156,
    "predict_time_sec": 4.130162961781025,
    "total_time_sec": 20.94863280840218,
    "num_eval_samples": 15,
    "avg_predict_time_sec": 0.27534419745206834
  }
}