{
  "timings": {
    "fit_time_sec": 1.2509524822235107e-05,
    "predict_time_sec": 28.025372406467795,
    "total_time_sec": 28.025384915992618,
    "num_eval_samples": 20,
    "avg_predict_time_sec": 1.4012686203233897
  }
}