{
  "timings": {
    "fit_time_sec": 9.561436897143722,
    "predict_time_sec": 3.254102036356926,
    "total_time_sec": 12.815538933500648,
    "num_eval_samples": 40,
    "avg_predict_time_sec": 0.08135255090892315
  }
}