{
  "timings": {
    "fit_time_sec": 1.1797994375228882e-05,
    "predict_time_sec": 15.716822102665901,
    "total_time_sec": 15.716833900660276,
    "num_eval_samples": 40,
    "avg_predict_time_sec": 0.39292055256664754
  }
}