{
  "timings": {
    "fit_time_sec": 152.90911695547402,
    "predict_time_sec": 56.81690069101751,
    "total_time_sec": 209.72601764649153,
    "num_eval_samples": 200,
    "avg_predict_time_sec": 0.28408450345508757
  }
}