{
  "timings": {
    "fit_time_sec": 1.2908130884170532e-05,
    "predict_time_sec": 8.882991624996066,
    "total_time_sec": 8.88300453312695,
    "num_eval_samples": 20,
    "avg_predict_time_sec": 0.4441495812498033
  }
}