{
  "timings": {
    "fit_time_sec": 41.719266487285495,
    "predict_time_sec": 16.496759295463562,
    "total_time_sec": 58.21602578274906,
    "num_eval_samples": 40,
    "avg_predict_time_sec": 0.41241898238658903
  }
}