{
  "timings": {
    "fit_time_sec": 49.594233671203256,
    "predict_time_sec": 16.645567359402776,
    "total_time_sec": 66.23980103060603,
    "num_eval_samples": 40,
    "avg_predict_time_sec": 0.4161391839850694
  }
}