{
  "timings": {
    "fit_time_sec": 1.325458288192749e-05,
    "predict_time_sec": 60.89230083115399,
    "total_time_sec": 60.89231408573687,
    "num_eval_samples": 200,
    "avg_predict_time_sec": 0.30446150415576995
  }
}