{
  "timings": {
    "fit_time_sec": 1.3809651136398315e-05,
    "predict_time_sec": 12.039791494607925,
    "total_time_sec": 12.039805304259062,
    "num_eval_samples": 70,
    "avg_predict_time_sec": 0.1719970213515418
  }
}