{
  "timings": {
    "fit_time_sec": 1.1947005987167358e-05,
    "predict_time_sec": 5.722558464854956,
    "total_time_sec": 5.722570411860943,
    "num_eval_samples": 20,
    "avg_predict_time_sec": 0.2861279232427478
  }
}