{
  "timings": {
    "fit_time_sec": 33.59767905250192,
    "predict_time_sec": 3.395247455686331,
    "total_time_sec": 36.99292650818825,
    "num_eval_samples": 20,
    "avg_predict_time_sec": 0.16976237278431655
  }
}