{
  "timings": {
    "fit_time_sec": 2.0772218704223633e-05,
    "predict_time_sec": 9.785170625895262,
    "total_time_sec": 9.785191398113966,
    "num_eval_samples": 70,
    "avg_predict_time_sec": 0.13978815179850373
  }
}