{
  "timings": {
    "fit_time_sec": 8.531844459474087,
    "predict_time_sec": 1.5339014772325754,
    "total_time_sec": 10.065745936706662,
    "num_eval_samples": 20,
    "avg_predict_time_sec": 0.07669507386162877
  }
}