{
  "timings": {
    "fit_time_sec": 1.2814998626708984e-05,
    "predict_time_sec": 75.69063153117895,
    "total_time_sec": 75.69064434617758,
    "num_eval_samples": 200,
    "avg_predict_time_sec": 0.37845315765589477
  }
}