{
  "timings": {
    "fit_time_sec": 29.068536868318915,
    "predict_time_sec": 4.10472215898335,
    "total_time_sec": 33.173259027302265,
    "num_eval_samples": 40,
    "avg_predict_time_sec": 0.10261805397458375
  }
}