{
  "timings": {
    "fit_time_sec": 32.49247874505818,
    "predict_time_sec": 3.2377425841987133,
    "total_time_sec": 35.73022132925689,
    "num_eval_samples": 20,
    "avg_predict_time_sec": 0.16188712920993567
  }
}