{
  "model": "qwen3_vl",
  "dataset": "naturalbench_vqa",
  "method": "sav",
  "evaluator": "raw",
  "metrics": {
    "metric": "raw_accuracy",
    "accuracy": 0.85,
    "correct": 34.0,
    "total": 40.0,
    "label_order": [
      "Yes",
      "No",
      "A",
      "B"
    ],
    "confusion_matrix": {
      "labels": [
        "Yes",
        "No",
        "A",
        "B"
      ],
      "matrix": [
        [
          7,
          1,
          0,
          0
        ],
        [
          3,
          5,
          0,
          0
        ],
        [
          0,
          0,
          11,
          1
        ],
        [
          0,
          0,
          1,
          11
        ]
      ]
    },
    "per_class": {
      "Yes": {
        "precision": 0.7,
        "recall": 0.875,
        "f1": 0.7777777777777777,
        "support": 8.0,
        "predicted": 10.0,
        "true_positive": 7.0,
        "false_positive": 3.0,
        "false_negative": 1.0
      },
      "No": {
        "precision": 0.8333333333333334,
        "recall": 0.625,
        "f1": 0.7142857142857143,
        "support": 8.0,
        "predicted": 6.0,
        "true_positive": 5.0,
        "false_positive": 1.0,
        "false_negative": 3.0
      },
      "A": {
        "precision": 0.9166666666666666,
        "recall": 0.9166666666666666,
        "f1": 0.9166666666666666,
        "support": 12.0,
        "predicted": 12.0,
        "true_positive": 11.0,
        "false_positive": 1.0,
        "false_negative": 1.0
      },
      "B": {
        "precision": 0.9166666666666666,
        "recall": 0.9166666666666666,
        "f1": 0.9166666666666666,
        "support": 12.0,
        "predicted": 12.0,
        "true_positive": 11.0,
        "false_positive": 1.0,
        "false_negative": 1.0
      }
    },
    "macro_precision": 0.8416666666666667,
    "macro_recall": 0.8333333333333333,
    "macro_f1": 0.8313492063492063,
    "balanced_accuracy": 0.8333333333333333
  },
  "timings": {
    "fit_time_sec": 76.78736788779497,
    "predict_time_sec": 20.772791124880314,
    "total_time_sec": 97.56015901267529,
    "num_eval_samples": 40,
    "avg_predict_time_sec": 0.5193197781220078
  }
}