{
  "timings": {
    "fit_time_sec": 1.6026198863983154e-05,
    "predict_time_sec": 8.468617776408792,
    "total_time_sec": 8.468633802607656,
    "num_eval_samples": 15,
    "avg_predict_time_sec": 0.5645745184272528
  }
}