{
  "timings": {
    "fit_time_sec": 30.180258817970753,
    "predict_time_sec": 4.702874692156911,
    "total_time_sec": 34.883133510127664,
    "num_eval_samples": 70,
    "avg_predict_time_sec": 0.06718392417367015
  }
}