{
  "timings": {
    "fit_time_sec": 1.317635178565979e-05,
    "predict_time_sec": 15.694146716967225,
    "total_time_sec": 15.69415989331901,
    "num_eval_samples": 40,
    "avg_predict_time_sec": 0.39235366792418064
  }
}