{
  "timings": {
    "fit_time_sec": 1.1727213859558105e-05,
    "predict_time_sec": 7.140143189579248,
    "total_time_sec": 7.140154916793108,
    "num_eval_samples": 20,
    "avg_predict_time_sec": 0.35700715947896244
  }
}