{
  "timings": {
    "fit_time_sec": 26.952335657551885,
    "predict_time_sec": 4.970707904547453,
    "total_time_sec": 31.923043562099338,
    "num_eval_samples": 70,
    "avg_predict_time_sec": 0.07101011292210647
  }
}