{
  "timings": {
    "fit_time_sec": 1.1894851922988892e-05,
    "predict_time_sec": 12.189098328351974,
    "total_time_sec": 12.189110223203897,
    "num_eval_samples": 16,
    "avg_predict_time_sec": 0.7618186455219984
  }
}