{
  "timings": {
    "fit_time_sec": 1.817569136619568e-05,
    "predict_time_sec": 4.212413050234318,
    "total_time_sec": 4.212431225925684,
    "num_eval_samples": 20,
    "avg_predict_time_sec": 0.21062065251171588
  }
}