{
  "timings": {
    "fit_time_sec": 1.1878088116645813e-05,
    "predict_time_sec": 7.150497505441308,
    "total_time_sec": 7.150509383529425,
    "num_eval_samples": 20,
    "avg_predict_time_sec": 0.3575248752720654
  }
}