{
  "timings": {
    "fit_time_sec": 1.2505799531936646e-05,
    "predict_time_sec": 15.634516837075353,
    "total_time_sec": 15.634529342874885,
    "num_eval_samples": 20,
    "avg_predict_time_sec": 0.7817258418537676
  }
}