{
  "timings": {
    "fit_time_sec": 1.2526288628578186e-05,
    "predict_time_sec": 19.650857619941235,
    "total_time_sec": 19.650870146229863,
    "num_eval_samples": 40,
    "avg_predict_time_sec": 0.4912714404985309
  }
}