{
  "timings": {
    "fit_time_sec": 1.901388168334961e-05,
    "predict_time_sec": 51.097092006355524,
    "total_time_sec": 51.09711102023721,
    "num_eval_samples": 40,
    "avg_predict_time_sec": 1.277427300158888
  }
}