{
  "timings": {
    "fit_time_sec": 1.5249475836753845e-05,
    "predict_time_sec": 18.21724421903491,
    "total_time_sec": 18.217259468510747,
    "num_eval_samples": 40,
    "avg_predict_time_sec": 0.45543110547587273
  }
}