{
  "timings": {
    "fit_time_sec": 88.86175269447267,
    "predict_time_sec": 14.89597536996007,
    "total_time_sec": 103.75772806443274,
    "num_eval_samples": 200,
    "avg_predict_time_sec": 0.07447987684980034
  }
}