{
  "timings": {
    "fit_time_sec": 31.603792557492852,
    "predict_time_sec": 3.2168619483709335,
    "total_time_sec": 34.820654505863786,
    "num_eval_samples": 15,
    "avg_predict_time_sec": 0.2144574632247289
  }
}