{
  "timings": {
    "fit_time_sec": 95.76099664717913,
    "predict_time_sec": 10.268380481749773,
    "total_time_sec": 106.0293771289289,
    "num_eval_samples": 20,
    "avg_predict_time_sec": 0.5134190240874886
  }
}