{
  "timings": {
    "fit_time_sec": 1.1922791600227356e-05,
    "predict_time_sec": 17.585395496338606,
    "total_time_sec": 17.585407419130206,
    "num_eval_samples": 102,
    "avg_predict_time_sec": 0.1724058381993981
  }
}