{
  "timings": {
    "fit_time_sec": 1.5078112483024597e-05,
    "predict_time_sec": 5.9469029083848,
    "total_time_sec": 5.946917986497283,
    "num_eval_samples": 50,
    "avg_predict_time_sec": 0.118938058167696
  }
}