{
  "timings": {
    "fit_time_sec": 1.4701858162879944e-05,
    "predict_time_sec": 6.195699695497751,
    "total_time_sec": 6.195714397355914,
    "num_eval_samples": 20,
    "avg_predict_time_sec": 0.3097849847748876
  }
}