{
  "timings": {
    "fit_time_sec": 85.94085973128676,
    "predict_time_sec": 16.51982908323407,
    "total_time_sec": 102.46068881452084,
    "num_eval_samples": 200,
    "avg_predict_time_sec": 0.08259914541617036
  }
}