{
  "timings": {
    "fit_time_sec": 1.2278556823730469e-05,
    "predict_time_sec": 26.462754353880882,
    "total_time_sec": 26.462766632437706,
    "num_eval_samples": 20,
    "avg_predict_time_sec": 1.3231377176940442
  }
}