{
  "timings": {
    "fit_time_sec": 7.699819089844823,
    "predict_time_sec": 1.5094507224857807,
    "total_time_sec": 9.209269812330604,
    "num_eval_samples": 20,
    "avg_predict_time_sec": 0.07547253612428903
  }
}