{
  "timings": {
    "fit_time_sec": 11.199526751413941,
    "predict_time_sec": 1.8333690520375967,
    "total_time_sec": 13.032895803451538,
    "num_eval_samples": 50,
    "avg_predict_time_sec": 0.036667381040751935
  }
}