{
  "timings": {
    "fit_time_sec": 53.333011511713266,
    "predict_time_sec": 17.9299674089998,
    "total_time_sec": 71.26297892071307,
    "num_eval_samples": 200,
    "avg_predict_time_sec": 0.089649837044999
  }
}