{
  "timings": {
    "fit_time_sec": 1.2757256627082825e-05,
    "predict_time_sec": 82.98141294717789,
    "total_time_sec": 82.98142570443451,
    "num_eval_samples": 200,
    "avg_predict_time_sec": 0.41490706473588945
  }
}