{
  "timings": {
    "fit_time_sec": 7.621896665543318,
    "predict_time_sec": 1.0892353933304548,
    "total_time_sec": 8.711132058873773,
    "num_eval_samples": 20,
    "avg_predict_time_sec": 0.05446176966652274
  }
}