{
  "timings": {
    "fit_time_sec": 7.980232046917081,
    "predict_time_sec": 1.2719076629728079,
    "total_time_sec": 9.252139709889889,
    "num_eval_samples": 20,
    "avg_predict_time_sec": 0.0635953831486404
  }
}