{
  "timings": {
    "fit_time_sec": 92.95633419044316,
    "predict_time_sec": 36.43360054306686,
    "total_time_sec": 129.38993473351002,
    "num_eval_samples": 40,
    "avg_predict_time_sec": 0.9108400135766714
  }
}