{
  "timings": {
    "fit_time_sec": 99.76563852466643,
    "predict_time_sec": 39.17970129288733,
    "total_time_sec": 138.94533981755376,
    "num_eval_samples": 200,
    "avg_predict_time_sec": 0.19589850646443666
  }
}