{
  "timings": {
    "fit_time_sec": 12.99890573695302,
    "predict_time_sec": 1.3384693954139948,
    "total_time_sec": 14.337375132367015,
    "num_eval_samples": 20,
    "avg_predict_time_sec": 0.06692346977069974
  }
}