{
  "timings": {
    "fit_time_sec": 1.2205913662910461e-05,
    "predict_time_sec": 16.243974780663848,
    "total_time_sec": 16.24398698657751,
    "num_eval_samples": 40,
    "avg_predict_time_sec": 0.4060993695165962
  }
}