{
  "timings": {
    "fit_time_sec": 161.7157757356763,
    "predict_time_sec": 64.69940978474915,
    "total_time_sec": 226.41518552042544,
    "num_eval_samples": 200,
    "avg_predict_time_sec": 0.32349704892374576
  }
}