{
  "timings": {
    "fit_time_sec": 1.2969598174095154e-05,
    "predict_time_sec": 7.949367048218846,
    "total_time_sec": 7.94938001781702,
    "num_eval_samples": 15,
    "avg_predict_time_sec": 0.5299578032145897
  }
}