{
  "timings": {
    "fit_time_sec": 2.1358951926231384e-05,
    "predict_time_sec": 6.139329822733998,
    "total_time_sec": 6.1393511816859245,
    "num_eval_samples": 20,
    "avg_predict_time_sec": 0.30696649113669994
  }
}