{
  "timings": {
    "fit_time_sec": 1.9080936908721924e-05,
    "predict_time_sec": 49.998722456395626,
    "total_time_sec": 49.998741537332535,
    "num_eval_samples": 200,
    "avg_predict_time_sec": 0.24999361228197814
  }
}