{
  "timings": {
    "fit_time_sec": 9.384658683091402,
    "predict_time_sec": 1.3854451719671488,
    "total_time_sec": 10.77010385505855,
    "num_eval_samples": 20,
    "avg_predict_time_sec": 0.06927225859835744
  }
}