{
  "timings": {
    "fit_time_sec": 1.2988224625587463e-05,
    "predict_time_sec": 7.039328161627054,
    "total_time_sec": 7.03934114985168,
    "num_eval_samples": 20,
    "avg_predict_time_sec": 0.3519664080813527
  }
}