{
  "timings": {
    "fit_time_sec": 53.69754923693836,
    "predict_time_sec": 18.95056925341487,
    "total_time_sec": 72.64811849035323,
    "num_eval_samples": 40,
    "avg_predict_time_sec": 0.4737642313353717
  }
}