{
  "timings": {
    "fit_time_sec": 1.2053176760673523e-05,
    "predict_time_sec": 8.235680686309934,
    "total_time_sec": 8.235692739486694,
    "num_eval_samples": 20,
    "avg_predict_time_sec": 0.4117840343154967
  }
}