{
  "timings": {
    "fit_time_sec": 51.63744414225221,
    "predict_time_sec": 20.67070896178484,
    "total_time_sec": 72.30815310403705,
    "num_eval_samples": 102,
    "avg_predict_time_sec": 0.20265400942926312
  }
}