{
  "timings": {
    "fit_time_sec": 1.3677403330802917e-05,
    "predict_time_sec": 38.93212205544114,
    "total_time_sec": 38.93213573284447,
    "num_eval_samples": 20,
    "avg_predict_time_sec": 1.9466061027720571
  }
}