{
  "timings": {
    "fit_time_sec": 2.169795334339142e-05,
    "predict_time_sec": 12.4565245565027,
    "total_time_sec": 12.456546254456043,
    "num_eval_samples": 16,
    "avg_predict_time_sec": 0.7785327847814187
  }
}