{
  "timings": {
    "fit_time_sec": 63.44566522538662,
    "predict_time_sec": 7.452514352276921,
    "total_time_sec": 70.89817957766354,
    "num_eval_samples": 102,
    "avg_predict_time_sec": 0.07306386619879335
  }
}