{
  "timings": {
    "fit_time_sec": 1.9691884517669678e-05,
    "predict_time_sec": 10.100287133827806,
    "total_time_sec": 10.100306825712323,
    "num_eval_samples": 50,
    "avg_predict_time_sec": 0.2020057426765561
  }
}