{
  "timings": {
    "fit_time_sec": 8.523675601929426,
    "predict_time_sec": 1.5962826125323772,
    "total_time_sec": 10.119958214461803,
    "num_eval_samples": 20,
    "avg_predict_time_sec": 0.07981413062661886
  }
}