{
  "timings": {
    "fit_time_sec": 21.7341688554734,
    "predict_time_sec": 1.1056562047451735,
    "total_time_sec": 22.839825060218573,
    "num_eval_samples": 20,
    "avg_predict_time_sec": 0.05528281023725867
  }
}