{
  "timings": {
    "fit_time_sec": 1.5242025256156921e-05,
    "predict_time_sec": 9.901162561029196,
    "total_time_sec": 9.901177803054452,
    "num_eval_samples": 70,
    "avg_predict_time_sec": 0.14144517944327423
  }
}