{
  "timings": {
    "fit_time_sec": 1.9399449229240417e-05,
    "predict_time_sec": 7.252847965806723,
    "total_time_sec": 7.252867365255952,
    "num_eval_samples": 40,
    "avg_predict_time_sec": 0.18132119914516806
  }
}