{
  "timings": {
    "fit_time_sec": 1.4632940292358398e-05,
    "predict_time_sec": 7.025294603779912,
    "total_time_sec": 7.025309236720204,
    "num_eval_samples": 20,
    "avg_predict_time_sec": 0.3512647301889956
  }
}