{
  "timings": {
    "fit_time_sec": 1.7685815691947937e-05,
    "predict_time_sec": 13.370039038360119,
    "total_time_sec": 13.37005672417581,
    "num_eval_samples": 20,
    "avg_predict_time_sec": 0.668501951918006
  }
}