{
  "timings": {
    "fit_time_sec": 1.9859522581100464e-05,
    "predict_time_sec": 7.083913734182715,
    "total_time_sec": 7.0839335937052965,
    "num_eval_samples": 20,
    "avg_predict_time_sec": 0.35419568670913576
  }
}