{
  "timings": {
    "fit_time_sec": 1.2589618563652039e-05,
    "predict_time_sec": 8.272539051249623,
    "total_time_sec": 8.272551640868187,
    "num_eval_samples": 15,
    "avg_predict_time_sec": 0.5515026034166416
  }
}