{
  "timings": {
    "fit_time_sec": 1.3049691915512085e-05,
    "predict_time_sec": 6.220231309533119,
    "total_time_sec": 6.220244359225035,
    "num_eval_samples": 15,
    "avg_predict_time_sec": 0.41468208730220796
  }
}