{
  "timings": {
    "fit_time_sec": 1.4349818229675293e-05,
    "predict_time_sec": 14.58054930716753,
    "total_time_sec": 14.58056365698576,
    "num_eval_samples": 40,
    "avg_predict_time_sec": 0.36451373267918824
  }
}