{
  "timings": {
    "fit_time_sec": 18.13958789035678,
    "predict_time_sec": 1.4429609160870314,
    "total_time_sec": 19.58254880644381,
    "num_eval_samples": 20,
    "avg_predict_time_sec": 0.07214804580435157
  }
}