{
  "timings": {
    "fit_time_sec": 36.28986009582877,
    "predict_time_sec": 0.9373513162136078,
    "total_time_sec": 37.22721141204238,
    "num_eval_samples": 20,
    "avg_predict_time_sec": 0.04686756581068039
  }
}