{
  "timings": {
    "fit_time_sec": 70.86728451214731,
    "predict_time_sec": 22.91249226219952,
    "total_time_sec": 93.77977677434683,
    "num_eval_samples": 40,
    "avg_predict_time_sec": 0.572812306554988
  }
}