{
  "timings": {
    "fit_time_sec": 42.17959607206285,
    "predict_time_sec": 17.27976175583899,
    "total_time_sec": 59.45935782790184,
    "num_eval_samples": 40,
    "avg_predict_time_sec": 0.43199404389597473
  }
}