{
  "model": "qwen3_vl",
  "dataset": "blink_spatial_relation",
  "method": "rsev2",
  "evaluator": "raw",
  "metrics": {
    "metric": "raw_accuracy",
    "accuracy": 0.85,
    "correct": 17.0,
    "total": 20.0,
    "label_order": [
      "(B)",
      "(A)"
    ],
    "confusion_matrix": {
      "labels": [
        "(B)",
        "(A)"
      ],
      "matrix": [
        [
          9,
          1
        ],
        [
          2,
          8
        ]
      ]
    },
    "per_class": {
      "(B)": {
        "precision": 0.8181818181818182,
        "recall": 0.9,
        "f1": 0.8571428571428572,
        "support": 10.0,
        "predicted": 11.0,
        "true_positive": 9.0,
        "false_positive": 2.0,
        "false_negative": 1.0
      },
      "(A)": {
        "precision": 0.8888888888888888,
        "recall": 0.8,
        "f1": 0.8421052631578948,
        "support": 10.0,
        "predicted": 9.0,
        "true_positive": 8.0,
        "false_positive": 1.0,
        "false_negative": 2.0
      }
    },
    "macro_precision": 0.8535353535353536,
    "macro_recall": 0.8500000000000001,
    "macro_f1": 0.849624060150376,
    "balanced_accuracy": 0.8500000000000001
  },
  "timings": {
    "fit_time_sec": 6.63930843397975,
    "predict_time_sec": 2.0599033646285534,
    "total_time_sec": 8.699211798608303,
    "num_eval_samples": 20,
    "avg_predict_time_sec": 0.10299516823142767
  }
}