{
  "timings": {
    "fit_time_sec": 1.1913478374481201e-05,
    "predict_time_sec": 12.09694530442357,
    "total_time_sec": 12.096957217901945,
    "num_eval_samples": 70,
    "avg_predict_time_sec": 0.17281350434890816
  }
}