{
  "timings": {
    "fit_time_sec": 1.302175223827362e-05,
    "predict_time_sec": 6.934391435235739,
    "total_time_sec": 6.934404456987977,
    "num_eval_samples": 40,
    "avg_predict_time_sec": 0.17335978588089346
  }
}