{
  "timings": {
    "fit_time_sec": 1.1956319212913513e-05,
    "predict_time_sec": 50.94298851117492,
    "total_time_sec": 50.94300046749413,
    "num_eval_samples": 40,
    "avg_predict_time_sec": 1.2735747127793728
  }
}