{
  "timings": {
    "fit_time_sec": 1.4627352356910706e-05,
    "predict_time_sec": 6.417895024642348,
    "total_time_sec": 6.417909651994705,
    "num_eval_samples": 40,
    "avg_predict_time_sec": 0.1604473756160587
  }
}