{
  "timings": {
    "fit_time_sec": 61.45718210749328,
    "predict_time_sec": 17.343392707407475,
    "total_time_sec": 78.80057481490076,
    "num_eval_samples": 200,
    "avg_predict_time_sec": 0.08671696353703737
  }
}