{
  "timings": {
    "fit_time_sec": 30.025689790025353,
    "predict_time_sec": 4.477043401449919,
    "total_time_sec": 34.50273319147527,
    "num_eval_samples": 70,
    "avg_predict_time_sec": 0.06395776287785598
  }
}