{
  "timings": {
    "fit_time_sec": 1.2122094631195068e-05,
    "predict_time_sec": 3.1099881380796432,
    "total_time_sec": 3.1100002601742744,
    "num_eval_samples": 20,
    "avg_predict_time_sec": 0.15549940690398217
  }
}