{
  "timings": {
    "fit_time_sec": 1.4288350939750671e-05,
    "predict_time_sec": 10.608182838186622,
    "total_time_sec": 10.608197126537561,
    "num_eval_samples": 40,
    "avg_predict_time_sec": 0.26520457095466554
  }
}