{
  "timings": {
    "fit_time_sec": 7.76852884888649,
    "predict_time_sec": 2.753322036936879,
    "total_time_sec": 10.521850885823369,
    "num_eval_samples": 40,
    "avg_predict_time_sec": 0.06883305092342198
  }
}