{
  "timings": {
    "fit_time_sec": 88.64525973983109,
    "predict_time_sec": 9.886435315012932,
    "total_time_sec": 98.53169505484402,
    "num_eval_samples": 20,
    "avg_predict_time_sec": 0.49432176575064657
  }
}