{
  "timings": {
    "fit_time_sec": 97.80032177269459,
    "predict_time_sec": 34.05458006821573,
    "total_time_sec": 131.85490184091032,
    "num_eval_samples": 20,
    "avg_predict_time_sec": 1.7027290034107865
  }
}