{
  "timings": {
    "fit_time_sec": 1.7717480659484863e-05,
    "predict_time_sec": 9.27465171739459,
    "total_time_sec": 9.27466943487525,
    "num_eval_samples": 20,
    "avg_predict_time_sec": 0.46373258586972954
  }
}