{
  "timings": {
    "fit_time_sec": 27.22377300262451,
    "predict_time_sec": 2.5998461078852415,
    "total_time_sec": 29.823619110509753,
    "num_eval_samples": 50,
    "avg_predict_time_sec": 0.05199692215770483
  }
}