{
  "model": "qwen2_vl",
  "dataset": "blink_object_localization",
  "method": "rsev2",
  "evaluator": "raw",
  "metrics": {
    "metric": "raw_accuracy",
    "accuracy": 0.65,
    "correct": 13.0,
    "total": 20.0,
    "label_order": [
      "(B)",
      "(A)"
    ],
    "confusion_matrix": {
      "labels": [
        "(B)",
        "(A)"
      ],
      "matrix": [
        [
          6,
          4
        ],
        [
          3,
          7
        ]
      ]
    },
    "per_class": {
      "(B)": {
        "precision": 0.6666666666666666,
        "recall": 0.6,
        "f1": 0.631578947368421,
        "support": 10.0,
        "predicted": 9.0,
        "true_positive": 6.0,
        "false_positive": 3.0,
        "false_negative": 4.0
      },
      "(A)": {
        "precision": 0.6363636363636364,
        "recall": 0.7,
        "f1": 0.6666666666666666,
        "support": 10.0,
        "predicted": 11.0,
        "true_positive": 7.0,
        "false_positive": 4.0,
        "false_negative": 3.0
      }
    },
    "macro_precision": 0.6515151515151515,
    "macro_recall": 0.6499999999999999,
    "macro_f1": 0.6491228070175439,
    "balanced_accuracy": 0.6499999999999999
  },
  "timings": {
    "fit_time_sec": 4.532399607822299,
    "predict_time_sec": 1.7688288036733866,
    "total_time_sec": 6.301228411495686,
    "num_eval_samples": 20,
    "avg_predict_time_sec": 0.08844144018366933
  }
}