{
  "timings": {
    "fit_time_sec": 9.206467863172293,
    "predict_time_sec": 2.424479655921459,
    "total_time_sec": 11.630947519093752,
    "num_eval_samples": 40,
    "avg_predict_time_sec": 0.06061199139803648
  }
}