{
  "timings": {
    "fit_time_sec": 8.696895280852914,
    "predict_time_sec": 1.7947613131254911,
    "total_time_sec": 10.491656593978405,
    "num_eval_samples": 20,
    "avg_predict_time_sec": 0.08973806565627455
  }
}