{
  "timings": {
    "fit_time_sec": 80.80513186007738,
    "predict_time_sec": 5.566274952143431,
    "total_time_sec": 86.37140681222081,
    "num_eval_samples": 16,
    "avg_predict_time_sec": 0.3478921845089644
  }
}