{
  "timings": {
    "fit_time_sec": 1.2733042240142822e-05,
    "predict_time_sec": 22.198294173926115,
    "total_time_sec": 22.198306906968355,
    "num_eval_samples": 50,
    "avg_predict_time_sec": 0.4439658834785223
  }
}