{
  "timings": {
    "fit_time_sec": 8.591277157887816,
    "predict_time_sec": 1.279006341472268,
    "total_time_sec": 9.870283499360085,
    "num_eval_samples": 20,
    "avg_predict_time_sec": 0.0639503170736134
  }
}