{
  "timings": {
    "fit_time_sec": 6.9944504629820585,
    "predict_time_sec": 1.1583037842065096,
    "total_time_sec": 8.152754247188568,
    "num_eval_samples": 20,
    "avg_predict_time_sec": 0.05791518921032548
  }
}