{
  "timings": {
    "fit_time_sec": 10.821642830967903,
    "predict_time_sec": 3.6098219603300095,
    "total_time_sec": 14.431464791297913,
    "num_eval_samples": 40,
    "avg_predict_time_sec": 0.09024554900825024
  }
}