{
  "timings": {
    "fit_time_sec": 9.18377199396491,
    "predict_time_sec": 2.6549588553607464,
    "total_time_sec": 11.838730849325657,
    "num_eval_samples": 20,
    "avg_predict_time_sec": 0.1327479427680373
  }
}