{
  "timings": {
    "fit_time_sec": 1.2215226888656616e-05,
    "predict_time_sec": 16.14011049643159,
    "total_time_sec": 16.140122711658478,
    "num_eval_samples": 20,
    "avg_predict_time_sec": 0.8070055248215795
  }
}