{
  "timings": {
    "fit_time_sec": 1.858919858932495e-05,
    "predict_time_sec": 15.443758953362703,
    "total_time_sec": 15.443777542561293,
    "num_eval_samples": 20,
    "avg_predict_time_sec": 0.7721879476681351
  }
}