{
  "timings": {
    "fit_time_sec": 1.4010816812515259e-05,
    "predict_time_sec": 56.64101321808994,
    "total_time_sec": 56.64102722890675,
    "num_eval_samples": 200,
    "avg_predict_time_sec": 0.2832050660904497
  }
}