{
  "timings": {
    "fit_time_sec": 7.50890045799315,
    "predict_time_sec": 1.6173499841243029,
    "total_time_sec": 9.126250442117453,
    "num_eval_samples": 20,
    "avg_predict_time_sec": 0.08086749920621514
  }
}