{
  "timings": {
    "fit_time_sec": 1.2276694178581238e-05,
    "predict_time_sec": 18.982972465455532,
    "total_time_sec": 18.98298474214971,
    "num_eval_samples": 20,
    "avg_predict_time_sec": 0.9491486232727766
  }
}