{
  "timings": {
    "fit_time_sec": 1.315586268901825e-05,
    "predict_time_sec": 3.6703006010502577,
    "total_time_sec": 3.6703137569129467,
    "num_eval_samples": 20,
    "avg_predict_time_sec": 0.18351503005251288
  }
}