{
  "timings": {
    "fit_time_sec": 1.448020339012146e-05,
    "predict_time_sec": 7.256082136183977,
    "total_time_sec": 7.256096616387367,
    "num_eval_samples": 40,
    "avg_predict_time_sec": 0.18140205340459942
  }
}