{
  "timings": {
    "fit_time_sec": 12.051892751827836,
    "predict_time_sec": 2.6761409379541874,
    "total_time_sec": 14.728033689782023,
    "num_eval_samples": 20,
    "avg_predict_time_sec": 0.13380704689770936
  }
}