{
  "timings": {
    "fit_time_sec": 95.44382981024683,
    "predict_time_sec": 27.79578571766615,
    "total_time_sec": 123.23961552791297,
    "num_eval_samples": 40,
    "avg_predict_time_sec": 0.6948946429416537
  }
}