{
  "timings": {
    "fit_time_sec": 1.3960525393486023e-05,
    "predict_time_sec": 16.297610128298402,
    "total_time_sec": 16.297624088823795,
    "num_eval_samples": 40,
    "avg_predict_time_sec": 0.40744025320746
  }
}