{
  "timings": {
    "fit_time_sec": 1.2814998626708984e-05,
    "predict_time_sec": 3.080954948440194,
    "total_time_sec": 3.080967763438821,
    "num_eval_samples": 20,
    "avg_predict_time_sec": 0.15404774742200972
  }
}