{
  "timings": {
    "fit_time_sec": 1.1675059795379639e-05,
    "predict_time_sec": 12.263137843459845,
    "total_time_sec": 12.26314951851964,
    "num_eval_samples": 16,
    "avg_predict_time_sec": 0.7664461152162403
  }
}