{
  "timings": {
    "fit_time_sec": 6.674936909228563,
    "predict_time_sec": 1.0228714793920517,
    "total_time_sec": 7.697808388620615,
    "num_eval_samples": 20,
    "avg_predict_time_sec": 0.05114357396960258
  }
}