{
  "timings": {
    "fit_time_sec": 77.40301205590367,
    "predict_time_sec": 7.801988294348121,
    "total_time_sec": 85.2050003502518,
    "num_eval_samples": 20,
    "avg_predict_time_sec": 0.39009941471740606
  }
}