{
  "timings": {
    "fit_time_sec": 1.2159347534179688e-05,
    "predict_time_sec": 20.181748896837234,
    "total_time_sec": 20.18176105618477,
    "num_eval_samples": 102,
    "avg_predict_time_sec": 0.19786028330232583
  }
}