{
  "timings": {
    "fit_time_sec": 1.3407319784164429e-05,
    "predict_time_sec": 53.751191249117255,
    "total_time_sec": 53.75120465643704,
    "num_eval_samples": 200,
    "avg_predict_time_sec": 0.2687559562455863
  }
}