{
  "timings": {
    "fit_time_sec": 1.290440559387207e-05,
    "predict_time_sec": 9.377580106258392,
    "total_time_sec": 9.377593010663986,
    "num_eval_samples": 40,
    "avg_predict_time_sec": 0.2344395026564598
  }
}