{
  "timings": {
    "fit_time_sec": 111.19784975238144,
    "predict_time_sec": 38.21670857258141,
    "total_time_sec": 149.41455832496285,
    "num_eval_samples": 200,
    "avg_predict_time_sec": 0.19108354286290705
  }
}