{
  "timings": {
    "fit_time_sec": 15.120904443785548,
    "predict_time_sec": 3.4637100361287594,
    "total_time_sec": 18.584614479914308,
    "num_eval_samples": 40,
    "avg_predict_time_sec": 0.08659275090321898
  }
}