{
  "timings": {
    "fit_time_sec": 1.5754252672195435e-05,
    "predict_time_sec": 21.190113227814436,
    "total_time_sec": 21.190128982067108,
    "num_eval_samples": 102,
    "avg_predict_time_sec": 0.2077462081158278
  }
}