{
  "timings": {
    "fit_time_sec": 1.1941418051719666e-05,
    "predict_time_sec": 21.232969906181097,
    "total_time_sec": 21.23298184759915,
    "num_eval_samples": 40,
    "avg_predict_time_sec": 0.5308242476545274
  }
}