{
  "timings": {
    "fit_time_sec": 1.2738630175590515e-05,
    "predict_time_sec": 29.439655112102628,
    "total_time_sec": 29.439667850732803,
    "num_eval_samples": 40,
    "avg_predict_time_sec": 0.7359913778025657
  }
}