{
  "timings": {
    "fit_time_sec": 1.2191012501716614e-05,
    "predict_time_sec": 14.225027767941356,
    "total_time_sec": 14.225039958953857,
    "num_eval_samples": 20,
    "avg_predict_time_sec": 0.7112513883970678
  }
}