{
  "timings": {
    "fit_time_sec": 1.7376616597175598e-05,
    "predict_time_sec": 8.578775214031339,
    "total_time_sec": 8.578792590647936,
    "num_eval_samples": 20,
    "avg_predict_time_sec": 0.42893876070156695
  }
}