{
  "timings": {
    "fit_time_sec": 7.21458625420928,
    "predict_time_sec": 2.806322107091546,
    "total_time_sec": 10.020908361300826,
    "num_eval_samples": 40,
    "avg_predict_time_sec": 0.07015805267728865
  }
}