{
  "timings": {
    "fit_time_sec": 35.18638085946441,
    "predict_time_sec": 3.714102005586028,
    "total_time_sec": 38.900482865050435,
    "num_eval_samples": 15,
    "avg_predict_time_sec": 0.24760680037240188
  }
}