{
  "timings": {
    "fit_time_sec": 1.8388032913208008e-05,
    "predict_time_sec": 15.72311002574861,
    "total_time_sec": 15.723128413781524,
    "num_eval_samples": 20,
    "avg_predict_time_sec": 0.7861555012874305
  }
}