{
  "timings": {
    "fit_time_sec": 58.01003026217222,
    "predict_time_sec": 8.908851943910122,
    "total_time_sec": 66.91888220608234,
    "num_eval_samples": 102,
    "avg_predict_time_sec": 0.08734168572460904
  }
}