{
  "timings": {
    "fit_time_sec": 1.2733042240142822e-05,
    "predict_time_sec": 15.824526572600007,
    "total_time_sec": 15.824539305642247,
    "num_eval_samples": 20,
    "avg_predict_time_sec": 0.7912263286300003
  }
}