{
  "timings": {
    "fit_time_sec": 53.96197106130421,
    "predict_time_sec": 19.201133523136377,
    "total_time_sec": 73.16310458444059,
    "num_eval_samples": 40,
    "avg_predict_time_sec": 0.48002833807840944
  }
}