{
  "timings": {
    "fit_time_sec": 19.67331874743104,
    "predict_time_sec": 3.2251747772097588,
    "total_time_sec": 22.8984935246408,
    "num_eval_samples": 50,
    "avg_predict_time_sec": 0.06450349554419517
  }
}