{
  "timings": {
    "fit_time_sec": 1.2462958693504333e-05,
    "predict_time_sec": 13.33931996114552,
    "total_time_sec": 13.339332424104214,
    "num_eval_samples": 16,
    "avg_predict_time_sec": 0.833707497571595
  }
}