{
  "timings": {
    "fit_time_sec": 1.7875805497169495e-05,
    "predict_time_sec": 13.8169224280864,
    "total_time_sec": 13.816940303891897,
    "num_eval_samples": 40,
    "avg_predict_time_sec": 0.34542306070216
  }
}