{
  "timings": {
    "fit_time_sec": 1.212581992149353e-05,
    "predict_time_sec": 5.403084704652429,
    "total_time_sec": 5.40309683047235,
    "num_eval_samples": 20,
    "avg_predict_time_sec": 0.27015423523262144
  }
}