{
  "timings": {
    "fit_time_sec": 1.3647601008415222e-05,
    "predict_time_sec": 35.41059198230505,
    "total_time_sec": 35.41060562990606,
    "num_eval_samples": 40,
    "avg_predict_time_sec": 0.8852647995576263
  }
}