{
  "timings": {
    "fit_time_sec": 1.2913718819618225e-05,
    "predict_time_sec": 7.806266920641065,
    "total_time_sec": 7.806279834359884,
    "num_eval_samples": 20,
    "avg_predict_time_sec": 0.39031334603205325
  }
}