{
  "timings": {
    "fit_time_sec": 1.2960284948348999e-05,
    "predict_time_sec": 7.75854417681694,
    "total_time_sec": 7.758557137101889,
    "num_eval_samples": 20,
    "avg_predict_time_sec": 0.387927208840847
  }
}