{
  "timings": {
    "fit_time_sec": 1.5985220670700073e-05,
    "predict_time_sec": 8.086871827021241,
    "total_time_sec": 8.086887812241912,
    "num_eval_samples": 20,
    "avg_predict_time_sec": 0.40434359135106207
  }
}