{
  "timings": {
    "fit_time_sec": 27.66133477911353,
    "predict_time_sec": 6.326697558164597,
    "total_time_sec": 33.98803233727813,
    "num_eval_samples": 20,
    "avg_predict_time_sec": 0.31633487790822984
  }
}