{
  "timings": {
    "fit_time_sec": 81.08566201478243,
    "predict_time_sec": 14.170686535537243,
    "total_time_sec": 95.25634855031967,
    "num_eval_samples": 200,
    "avg_predict_time_sec": 0.07085343267768622
  }
}