{
  "timings": {
    "fit_time_sec": 1.3593584299087524e-05,
    "predict_time_sec": 15.246166534721851,
    "total_time_sec": 15.24618012830615,
    "num_eval_samples": 20,
    "avg_predict_time_sec": 0.7623083267360926
  }
}