{
  "timings": {
    "fit_time_sec": 6.577619651332498,
    "predict_time_sec": 1.1061019133776426,
    "total_time_sec": 7.68372156471014,
    "num_eval_samples": 20,
    "avg_predict_time_sec": 0.05530509566888213
  }
}