{
  "timings": {
    "fit_time_sec": 1.1976808309555054e-05,
    "predict_time_sec": 5.9509129617363214,
    "total_time_sec": 5.950924938544631,
    "num_eval_samples": 20,
    "avg_predict_time_sec": 0.29754564808681605
  }
}