{
  "timings": {
    "fit_time_sec": 1.2749806046485901e-05,
    "predict_time_sec": 82.5145336035639,
    "total_time_sec": 82.51454635336995,
    "num_eval_samples": 200,
    "avg_predict_time_sec": 0.4125726680178195
  }
}