{
  "timings": {
    "fit_time_sec": 1.2449920177459717e-05,
    "predict_time_sec": 15.712940588593483,
    "total_time_sec": 15.71295303851366,
    "num_eval_samples": 40,
    "avg_predict_time_sec": 0.39282351471483706
  }
}