{
  "timings": {
    "fit_time_sec": 1.2654811143875122e-05,
    "predict_time_sec": 14.985411055386066,
    "total_time_sec": 14.98542371019721,
    "num_eval_samples": 20,
    "avg_predict_time_sec": 0.7492705527693033
  }
}