{
  "timings": {
    "fit_time_sec": 76.78736788779497,
    "predict_time_sec": 20.772791124880314,
    "total_time_sec": 97.56015901267529,
    "num_eval_samples": 40,
    "avg_predict_time_sec": 0.5193197781220078
  }
}