{
  "timings": {
    "fit_time_sec": 1.2408941984176636e-05,
    "predict_time_sec": 38.32017518952489,
    "total_time_sec": 38.32018759846687,
    "num_eval_samples": 20,
    "avg_predict_time_sec": 1.9160087594762445
  }
}