{
  "timings": {
    "fit_time_sec": 29.97005588747561,
    "predict_time_sec": 6.704194845631719,
    "total_time_sec": 36.67425073310733,
    "num_eval_samples": 70,
    "avg_predict_time_sec": 0.09577421208045313
  }
}