{
  "timings": {
    "fit_time_sec": 1.3593584299087524e-05,
    "predict_time_sec": 14.269809680059552,
    "total_time_sec": 14.269823273643851,
    "num_eval_samples": 40,
    "avg_predict_time_sec": 0.3567452420014888
  }
}