{
  "timings": {
    "fit_time_sec": 1.2492761015892029e-05,
    "predict_time_sec": 4.837512705475092,
    "total_time_sec": 4.837525198236108,
    "num_eval_samples": 20,
    "avg_predict_time_sec": 0.2418756352737546
  }
}