{
  "timings": {
    "fit_time_sec": 1.3008713722229004e-05,
    "predict_time_sec": 4.811180956661701,
    "total_time_sec": 4.811193965375423,
    "num_eval_samples": 20,
    "avg_predict_time_sec": 0.24055904783308507
  }
}