{
  "timings": {
    "fit_time_sec": 1.3595446944236755e-05,
    "predict_time_sec": 54.45743393525481,
    "total_time_sec": 54.45744753070176,
    "num_eval_samples": 200,
    "avg_predict_time_sec": 0.2722871696762741
  }
}