{
  "timings": {
    "fit_time_sec": 62.008933333680034,
    "predict_time_sec": 7.37951317243278,
    "total_time_sec": 69.38844650611281,
    "num_eval_samples": 102,
    "avg_predict_time_sec": 0.07234816835718412
  }
}