{
  "timings": {
    "fit_time_sec": 1.3185665011405945e-05,
    "predict_time_sec": 15.973044373095036,
    "total_time_sec": 15.973057558760047,
    "num_eval_samples": 40,
    "avg_predict_time_sec": 0.3993261093273759
  }
}