{
  "timings": {
    "fit_time_sec": 7.234348902478814,
    "predict_time_sec": 2.923717712983489,
    "total_time_sec": 10.158066615462303,
    "num_eval_samples": 40,
    "avg_predict_time_sec": 0.07309294282458723
  }
}