{
  "timings": {
    "fit_time_sec": 1.288391649723053e-05,
    "predict_time_sec": 7.307278193533421,
    "total_time_sec": 7.307291077449918,
    "num_eval_samples": 20,
    "avg_predict_time_sec": 0.36536390967667104
  }
}