{
  "timings": {
    "fit_time_sec": 78.3701555673033,
    "predict_time_sec": 8.106493270024657,
    "total_time_sec": 86.47664883732796,
    "num_eval_samples": 20,
    "avg_predict_time_sec": 0.40532466350123286
  }
}