{
  "timings": {
    "fit_time_sec": 73.98452870175242,
    "predict_time_sec": 7.8450219836086035,
    "total_time_sec": 81.82955068536103,
    "num_eval_samples": 20,
    "avg_predict_time_sec": 0.39225109918043016
  }
}