{
  "timings": {
    "fit_time_sec": 22.666360596194863,
    "predict_time_sec": 1.3979828171432018,
    "total_time_sec": 24.064343413338065,
    "num_eval_samples": 20,
    "avg_predict_time_sec": 0.06989914085716009
  }
}