{
  "timings": {
    "fit_time_sec": 1.6208738088607788e-05,
    "predict_time_sec": 39.101880526170135,
    "total_time_sec": 39.10189673490822,
    "num_eval_samples": 20,
    "avg_predict_time_sec": 1.9550940263085068
  }
}