{
  "timings": {
    "fit_time_sec": 1.1963769793510437e-05,
    "predict_time_sec": 15.762743839994073,
    "total_time_sec": 15.762755803763866,
    "num_eval_samples": 40,
    "avg_predict_time_sec": 0.39406859599985183
  }
}