{
  "timings": {
    "fit_time_sec": 1.7799437046051025e-05,
    "predict_time_sec": 3.7154443114995956,
    "total_time_sec": 3.7154621109366417,
    "num_eval_samples": 20,
    "avg_predict_time_sec": 0.18577221557497978
  }
}