{
  "timings": {
    "fit_time_sec": 10.723540460690856,
    "predict_time_sec": 2.058210764080286,
    "total_time_sec": 12.781751224771142,
    "num_eval_samples": 40,
    "avg_predict_time_sec": 0.05145526910200715
  }
}