{
  "model": "qwen2_vl",
  "dataset": "naturalbench_vqa",
  "method": "rsev2",
  "evaluator": "raw",
  "metrics": {
    "metric": "raw_accuracy",
    "accuracy": 0.65,
    "correct": 26.0,
    "total": 40.0,
    "label_order": [
      "Yes",
      "No",
      "A",
      "B"
    ],
    "confusion_matrix": {
      "labels": [
        "Yes",
        "No",
        "A",
        "B"
      ],
      "matrix": [
        [
          2,
          4,
          0,
          0
        ],
        [
          0,
          6,
          0,
          0
        ],
        [
          0,
          0,
          9,
          5
        ],
        [
          0,
          0,
          5,
          9
        ]
      ]
    },
    "per_class": {
      "Yes": {
        "precision": 1.0,
        "recall": 0.3333333333333333,
        "f1": 0.5,
        "support": 6.0,
        "predicted": 2.0,
        "true_positive": 2.0,
        "false_positive": 0.0,
        "false_negative": 4.0
      },
      "No": {
        "precision": 0.6,
        "recall": 1.0,
        "f1": 0.7499999999999999,
        "support": 6.0,
        "predicted": 10.0,
        "true_positive": 6.0,
        "false_positive": 4.0,
        "false_negative": 0.0
      },
      "A": {
        "precision": 0.6428571428571429,
        "recall": 0.6428571428571429,
        "f1": 0.6428571428571429,
        "support": 14.0,
        "predicted": 14.0,
        "true_positive": 9.0,
        "false_positive": 5.0,
        "false_negative": 5.0
      },
      "B": {
        "precision": 0.6428571428571429,
        "recall": 0.6428571428571429,
        "f1": 0.6428571428571429,
        "support": 14.0,
        "predicted": 14.0,
        "true_positive": 9.0,
        "false_positive": 5.0,
        "false_negative": 5.0
      }
    },
    "macro_precision": 0.7214285714285714,
    "macro_recall": 0.6547619047619048,
    "macro_f1": 0.6339285714285714,
    "balanced_accuracy": 0.6547619047619048
  },
  "timings": {
    "fit_time_sec": 36.30914445221424,
    "predict_time_sec": 36.03600666113198,
    "total_time_sec": 72.34515111334622,
    "num_eval_samples": 40,
    "avg_predict_time_sec": 0.9009001665282994
  }
}