{
  "timings": {
    "fit_time_sec": 1.2775883078575134e-05,
    "predict_time_sec": 8.515776690095663,
    "total_time_sec": 8.515789465978742,
    "num_eval_samples": 20,
    "avg_predict_time_sec": 0.42578883450478316
  }
}