{
  "timings": {
    "fit_time_sec": 1.204758882522583e-05,
    "predict_time_sec": 8.978620486333966,
    "total_time_sec": 8.978632533922791,
    "num_eval_samples": 20,
    "avg_predict_time_sec": 0.4489310243166983
  }
}