{
  "timings": {
    "fit_time_sec": 8.126697400584817,
    "predict_time_sec": 1.316535722464323,
    "total_time_sec": 9.44323312304914,
    "num_eval_samples": 20,
    "avg_predict_time_sec": 0.06582678612321616
  }
}