{
  "timings": {
    "fit_time_sec": 1.2386590242385864e-05,
    "predict_time_sec": 36.044382935389876,
    "total_time_sec": 36.04439532198012,
    "num_eval_samples": 200,
    "avg_predict_time_sec": 0.18022191467694937
  }
}