{
  "timings": {
    "fit_time_sec": 12.15050290338695,
    "predict_time_sec": 2.446455078199506,
    "total_time_sec": 14.596957981586456,
    "num_eval_samples": 20,
    "avg_predict_time_sec": 0.1223227539099753
  }
}