{
  "timings": {
    "fit_time_sec": 1.8343329429626465e-05,
    "predict_time_sec": 4.373100854456425,
    "total_time_sec": 4.373119197785854,
    "num_eval_samples": 40,
    "avg_predict_time_sec": 0.10932752136141062
  }
}