{
  "timings": {
    "fit_time_sec": 1.2394040822982788e-05,
    "predict_time_sec": 32.2546696215868,
    "total_time_sec": 32.25468201562762,
    "num_eval_samples": 20,
    "avg_predict_time_sec": 1.61273348107934
  }
}