{
  "timings": {
    "fit_time_sec": 1.4750286936759949e-05,
    "predict_time_sec": 4.6758504789322615,
    "total_time_sec": 4.675865229219198,
    "num_eval_samples": 40,
    "avg_predict_time_sec": 0.11689626197330653
  }
}