{
  "timings": {
    "fit_time_sec": 1.2274831533432007e-05,
    "predict_time_sec": 31.727832635864615,
    "total_time_sec": 31.72784491069615,
    "num_eval_samples": 20,
    "avg_predict_time_sec": 1.5863916317932307
  }
}