{
  "timings": {
    "fit_time_sec": 1.766905188560486e-05,
    "predict_time_sec": 3.3424995467066765,
    "total_time_sec": 3.342517215758562,
    "num_eval_samples": 20,
    "avg_predict_time_sec": 0.16712497733533382
  }
}