{
  "timings": {
    "fit_time_sec": 98.34589147381485,
    "predict_time_sec": 32.71477832645178,
    "total_time_sec": 131.06066980026662,
    "num_eval_samples": 20,
    "avg_predict_time_sec": 1.6357389163225888
  }
}