{
  "timings": {
    "fit_time_sec": 1.8185004591941833e-05,
    "predict_time_sec": 4.455827424302697,
    "total_time_sec": 4.455845609307289,
    "num_eval_samples": 40,
    "avg_predict_time_sec": 0.11139568560756744
  }
}