{
  "timings": {
    "fit_time_sec": 1.4001503586769104e-05,
    "predict_time_sec": 12.77424407377839,
    "total_time_sec": 12.774258075281978,
    "num_eval_samples": 16,
    "avg_predict_time_sec": 0.7983902546111494
  }
}