{
  "timings": {
    "fit_time_sec": 32.24695019610226,
    "predict_time_sec": 3.4125172290951014,
    "total_time_sec": 35.65946742519736,
    "num_eval_samples": 20,
    "avg_predict_time_sec": 0.17062586145475506
  }
}