{
  "timings": {
    "fit_time_sec": 33.401148807257414,
    "predict_time_sec": 12.76760333776474,
    "total_time_sec": 46.168752145022154,
    "num_eval_samples": 70,
    "avg_predict_time_sec": 0.18239433339663913
  }
}