{
  "timings": {
    "fit_time_sec": 1.648813486099243e-05,
    "predict_time_sec": 14.441625069826841,
    "total_time_sec": 14.441641557961702,
    "num_eval_samples": 20,
    "avg_predict_time_sec": 0.7220812534913421
  }
}