{
  "timings": {
    "fit_time_sec": 1.2645497918128967e-05,
    "predict_time_sec": 8.067657398059964,
    "total_time_sec": 8.067670043557882,
    "num_eval_samples": 20,
    "avg_predict_time_sec": 0.4033828699029982
  }
}