{
  "timings": {
    "fit_time_sec": 1.2576580047607422e-05,
    "predict_time_sec": 3.7345466539263725,
    "total_time_sec": 3.73455923050642,
    "num_eval_samples": 20,
    "avg_predict_time_sec": 0.18672733269631864
  }
}