{
  "timings": {
    "fit_time_sec": 89.3869949132204,
    "predict_time_sec": 10.153297444805503,
    "total_time_sec": 99.54029235802591,
    "num_eval_samples": 20,
    "avg_predict_time_sec": 0.5076648722402751
  }
}