{
  "timings": {
    "fit_time_sec": 10.264979995787144,
    "predict_time_sec": 4.043336793780327,
    "total_time_sec": 14.30831678956747,
    "num_eval_samples": 40,
    "avg_predict_time_sec": 0.10108341984450817
  }
}