{
  "timings": {
    "fit_time_sec": 1.3757497072219849e-05,
    "predict_time_sec": 4.745329963043332,
    "total_time_sec": 4.745343720540404,
    "num_eval_samples": 40,
    "avg_predict_time_sec": 0.1186332490760833
  }
}