{
  "timings": {
    "fit_time_sec": 1.4094635844230652e-05,
    "predict_time_sec": 4.196913976222277,
    "total_time_sec": 4.196928070858121,
    "num_eval_samples": 40,
    "avg_predict_time_sec": 0.10492284940555692
  }
}