{
  "timings": {
    "fit_time_sec": 86.06236262433231,
    "predict_time_sec": 23.05042794533074,
    "total_time_sec": 109.11279056966305,
    "num_eval_samples": 40,
    "avg_predict_time_sec": 0.5762606986332685
  }
}