{
  "timings": {
    "fit_time_sec": 1.3440847396850586e-05,
    "predict_time_sec": 34.92270623520017,
    "total_time_sec": 34.922719676047564,
    "num_eval_samples": 40,
    "avg_predict_time_sec": 0.8730676558800041
  }
}