{
  "timings": {
    "fit_time_sec": 125.33793265745044,
    "predict_time_sec": 34.754311786964536,
    "total_time_sec": 160.09224444441497,
    "num_eval_samples": 40,
    "avg_predict_time_sec": 0.8688577946741134
  }
}