{
  "timings": {
    "fit_time_sec": 38.97676124423742,
    "predict_time_sec": 0.9161694347858429,
    "total_time_sec": 39.892930679023266,
    "num_eval_samples": 20,
    "avg_predict_time_sec": 0.045808471739292145
  }
}