{
  "timings": {
    "fit_time_sec": 39.507213139906526,
    "predict_time_sec": 19.696851540356874,
    "total_time_sec": 59.2040646802634,
    "num_eval_samples": 40,
    "avg_predict_time_sec": 0.49242128850892186
  }
}