{
  "timings": {
    "fit_time_sec": 1.2211501598358154e-05,
    "predict_time_sec": 16.193823415786028,
    "total_time_sec": 16.193835627287626,
    "num_eval_samples": 20,
    "avg_predict_time_sec": 0.8096911707893014
  }
}