{
  "timings": {
    "fit_time_sec": 119.03829183988273,
    "predict_time_sec": 11.713021354749799,
    "total_time_sec": 130.75131319463253,
    "num_eval_samples": 16,
    "avg_predict_time_sec": 0.7320638346718624
  }
}