{
  "timings": {
    "fit_time_sec": 1.2956559658050537e-05,
    "predict_time_sec": 23.64073300920427,
    "total_time_sec": 23.640745965763927,
    "num_eval_samples": 40,
    "avg_predict_time_sec": 0.5910183252301067
  }
}