{
  "timings": {
    "fit_time_sec": 1.231953501701355e-05,
    "predict_time_sec": 9.417312432080507,
    "total_time_sec": 9.417324751615524,
    "num_eval_samples": 20,
    "avg_predict_time_sec": 0.47086562160402534
  }
}