{
  "timings": {
    "fit_time_sec": 1.2407079339027405e-05,
    "predict_time_sec": 4.89707694388926,
    "total_time_sec": 4.897089350968599,
    "num_eval_samples": 20,
    "avg_predict_time_sec": 0.24485384719446301
  }
}