{
  "timings": {
    "fit_time_sec": 1.2507662177085876e-05,
    "predict_time_sec": 6.7822183556854725,
    "total_time_sec": 6.78223086334765,
    "num_eval_samples": 40,
    "avg_predict_time_sec": 0.1695554588921368
  }
}