{
  "timings": {
    "fit_time_sec": 1.2490898370742798e-05,
    "predict_time_sec": 4.502864968031645,
    "total_time_sec": 4.502877458930016,
    "num_eval_samples": 20,
    "avg_predict_time_sec": 0.22514324840158223
  }
}