{
  "timings": {
    "fit_time_sec": 1.2660399079322815e-05,
    "predict_time_sec": 5.578864460811019,
    "total_time_sec": 5.578877121210098,
    "num_eval_samples": 50,
    "avg_predict_time_sec": 0.11157728921622038
  }
}