{
  "timings": {
    "fit_time_sec": 1.2313947081565857e-05,
    "predict_time_sec": 6.4204562697559595,
    "total_time_sec": 6.420468583703041,
    "num_eval_samples": 20,
    "avg_predict_time_sec": 0.321022813487798
  }
}