{
  "timings": {
    "fit_time_sec": 11.709333520382643,
    "predict_time_sec": 3.809966215863824,
    "total_time_sec": 15.519299736246467,
    "num_eval_samples": 40,
    "avg_predict_time_sec": 0.09524915539659559
  }
}