{
  "timings": {
    "fit_time_sec": 27.29846074990928,
    "predict_time_sec": 3.9599151965230703,
    "total_time_sec": 31.258375946432352,
    "num_eval_samples": 70,
    "avg_predict_time_sec": 0.05657021709318672
  }
}