{
  "timings": {
    "fit_time_sec": 1.3243407011032104e-05,
    "predict_time_sec": 8.938222717493773,
    "total_time_sec": 8.938235960900784,
    "num_eval_samples": 20,
    "avg_predict_time_sec": 0.4469111358746886
  }
}