{
  "timings": {
    "fit_time_sec": 8.141419744119048,
    "predict_time_sec": 2.980565555393696,
    "total_time_sec": 11.121985299512744,
    "num_eval_samples": 40,
    "avg_predict_time_sec": 0.0745141388848424
  }
}