{
  "timings": {
    "fit_time_sec": 1.280754804611206e-05,
    "predict_time_sec": 6.85384982265532,
    "total_time_sec": 6.853862630203366,
    "num_eval_samples": 40,
    "avg_predict_time_sec": 0.171346245566383
  }
}