{
  "timings": {
    "fit_time_sec": 63.798343770205975,
    "predict_time_sec": 11.992958314716816,
    "total_time_sec": 75.79130208492279,
    "num_eval_samples": 200,
    "avg_predict_time_sec": 0.05996479157358408
  }
}