{
  "timings": {
    "fit_time_sec": 112.47535407170653,
    "predict_time_sec": 11.89886043034494,
    "total_time_sec": 124.37421450205147,
    "num_eval_samples": 20,
    "avg_predict_time_sec": 0.594943021517247
  }
}