{
  "timings": {
    "fit_time_sec": 1.3342127203941345e-05,
    "predict_time_sec": 7.176745072007179,
    "total_time_sec": 7.176758414134383,
    "num_eval_samples": 50,
    "avg_predict_time_sec": 0.14353490144014358
  }
}