{
  "timings": {
    "fit_time_sec": 33.28055239841342,
    "predict_time_sec": 7.071798833087087,
    "total_time_sec": 40.352351231500506,
    "num_eval_samples": 20,
    "avg_predict_time_sec": 0.3535899416543543
  }
}