{
  "timings": {
    "fit_time_sec": 13.655288092792034,
    "predict_time_sec": 2.8302663788199425,
    "total_time_sec": 16.485554471611977,
    "num_eval_samples": 20,
    "avg_predict_time_sec": 0.1415133189409971
  }
}