{
  "timings": {
    "fit_time_sec": 27.922639816999435,
    "predict_time_sec": 13.701346518471837,
    "total_time_sec": 41.62398633547127,
    "num_eval_samples": 40,
    "avg_predict_time_sec": 0.34253366296179594
  }
}