{
  "timings": {
    "fit_time_sec": 1.2181699275970459e-05,
    "predict_time_sec": 24.509377546608448,
    "total_time_sec": 24.509389728307724,
    "num_eval_samples": 40,
    "avg_predict_time_sec": 0.6127344386652112
  }
}