{
  "timings": {
    "fit_time_sec": 5.824269717559218,
    "predict_time_sec": 1.1705775409936905,
    "total_time_sec": 6.994847258552909,
    "num_eval_samples": 20,
    "avg_predict_time_sec": 0.05852887704968453
  }
}