{
  "timings": {
    "fit_time_sec": 1.2231990694999695e-05,
    "predict_time_sec": 30.262520344927907,
    "total_time_sec": 30.262532576918602,
    "num_eval_samples": 200,
    "avg_predict_time_sec": 0.15131260172463953
  }
}