{
  "timings": {
    "fit_time_sec": 41.71043265610933,
    "predict_time_sec": 7.627837035804987,
    "total_time_sec": 49.33826969191432,
    "num_eval_samples": 102,
    "avg_predict_time_sec": 0.0747827160373038
  }
}