{
  "timings": {
    "fit_time_sec": 1.2706965208053589e-05,
    "predict_time_sec": 23.482835797592998,
    "total_time_sec": 23.482848504558206,
    "num_eval_samples": 40,
    "avg_predict_time_sec": 0.5870708949398249
  }
}