{
  "timings": {
    "fit_time_sec": 10.237680859863758,
    "predict_time_sec": 1.9333175588399172,
    "total_time_sec": 12.170998418703675,
    "num_eval_samples": 50,
    "avg_predict_time_sec": 0.03866635117679834
  }
}