{
  "timings": {
    "fit_time_sec": 1.2975186109542847e-05,
    "predict_time_sec": 6.421283416450024,
    "total_time_sec": 6.421296391636133,
    "num_eval_samples": 20,
    "avg_predict_time_sec": 0.32106417082250116
  }
}