{
  "timings": {
    "fit_time_sec": 10.27585600502789,
    "predict_time_sec": 1.9327827002853155,
    "total_time_sec": 12.208638705313206,
    "num_eval_samples": 40,
    "avg_predict_time_sec": 0.048319567507132885
  }
}