{
  "timings": {
    "fit_time_sec": 1.3953074812889099e-05,
    "predict_time_sec": 15.739852529019117,
    "total_time_sec": 15.73986648209393,
    "num_eval_samples": 102,
    "avg_predict_time_sec": 0.15431227969626585
  }
}