{
  "timings": {
    "fit_time_sec": 25.558287918567657,
    "predict_time_sec": 3.8674948755651712,
    "total_time_sec": 29.42578279413283,
    "num_eval_samples": 70,
    "avg_predict_time_sec": 0.05524992679378816
  }
}