{
  "timings": {
    "fit_time_sec": 1.2371689081192017e-05,
    "predict_time_sec": 3.5090064518153667,
    "total_time_sec": 3.509018823504448,
    "num_eval_samples": 20,
    "avg_predict_time_sec": 0.17545032259076834
  }
}