{
  "timings": {
    "fit_time_sec": 1.3392418622970581e-05,
    "predict_time_sec": 6.0835403092205524,
    "total_time_sec": 6.083553701639175,
    "num_eval_samples": 20,
    "avg_predict_time_sec": 0.3041770154610276
  }
}