{
  "timings": {
    "fit_time_sec": 101.5287150517106,
    "predict_time_sec": 34.350709564983845,
    "total_time_sec": 135.87942461669445,
    "num_eval_samples": 40,
    "avg_predict_time_sec": 0.8587677391245961
  }
}