{
  "timings": {
    "fit_time_sec": 1.2686476111412048e-05,
    "predict_time_sec": 20.64178204536438,
    "total_time_sec": 20.64179473184049,
    "num_eval_samples": 200,
    "avg_predict_time_sec": 0.1032089102268219
  }
}