{
  "timings": {
    "fit_time_sec": 1.4055520296096802e-05,
    "predict_time_sec": 9.76745173893869,
    "total_time_sec": 9.767465794458985,
    "num_eval_samples": 70,
    "avg_predict_time_sec": 0.13953502484198127
  }
}