{
  "timings": {
    "fit_time_sec": 1.2733042240142822e-05,
    "predict_time_sec": 11.005904234945774,
    "total_time_sec": 11.005916967988014,
    "num_eval_samples": 70,
    "avg_predict_time_sec": 0.1572272033563682
  }
}