{
  "timings": {
    "fit_time_sec": 1.846812665462494e-05,
    "predict_time_sec": 6.755243418738246,
    "total_time_sec": 6.755261886864901,
    "num_eval_samples": 40,
    "avg_predict_time_sec": 0.16888108546845615
  }
}