{
  "timings": {
    "fit_time_sec": 42.54351475276053,
    "predict_time_sec": 8.042300220578909,
    "total_time_sec": 50.58581497333944,
    "num_eval_samples": 200,
    "avg_predict_time_sec": 0.040211501102894544
  }
}