{
  "timings": {
    "fit_time_sec": 7.623684814199805,
    "predict_time_sec": 2.670449109748006,
    "total_time_sec": 10.294133923947811,
    "num_eval_samples": 40,
    "avg_predict_time_sec": 0.06676122774370015
  }
}