{
  "timings": {
    "fit_time_sec": 11.707769883796573,
    "predict_time_sec": 3.7503576520830393,
    "total_time_sec": 15.458127535879612,
    "num_eval_samples": 40,
    "avg_predict_time_sec": 0.09375894130207599
  }
}