{
  "timings": {
    "fit_time_sec": 1.2837350368499756e-05,
    "predict_time_sec": 8.26451968960464,
    "total_time_sec": 8.264532526955009,
    "num_eval_samples": 15,
    "avg_predict_time_sec": 0.550967979306976
  }
}