{
  "timings": {
    "fit_time_sec": 9.121090654283762,
    "predict_time_sec": 2.17959813028574,
    "total_time_sec": 11.300688784569502,
    "num_eval_samples": 40,
    "avg_predict_time_sec": 0.054489953257143495
  }
}