{
  "timings": {
    "fit_time_sec": 68.61654794029891,
    "predict_time_sec": 22.84497290663421,
    "total_time_sec": 91.46152084693313,
    "num_eval_samples": 40,
    "avg_predict_time_sec": 0.5711243226658553
  }
}