{
  "timings": {
    "fit_time_sec": 6.7868109457194805,
    "predict_time_sec": 1.3308614734560251,
    "total_time_sec": 8.117672419175506,
    "num_eval_samples": 20,
    "avg_predict_time_sec": 0.06654307367280125
  }
}