{
  "timings": {
    "fit_time_sec": 1.2712553143501282e-05,
    "predict_time_sec": 24.933540288358927,
    "total_time_sec": 24.93355300091207,
    "num_eval_samples": 200,
    "avg_predict_time_sec": 0.12466770144179463
  }
}