{
  "timings": {
    "fit_time_sec": 1.196935772895813e-05,
    "predict_time_sec": 18.460228074342012,
    "total_time_sec": 18.46024004369974,
    "num_eval_samples": 102,
    "avg_predict_time_sec": 0.18098262817982366
  }
}