{
  "timings": {
    "fit_time_sec": 1.2200325727462769e-05,
    "predict_time_sec": 5.534804804250598,
    "total_time_sec": 5.534817004576325,
    "num_eval_samples": 40,
    "avg_predict_time_sec": 0.13837012010626495
  }
}