{
  "timings": {
    "fit_time_sec": 56.002294059842825,
    "predict_time_sec": 10.770822485908866,
    "total_time_sec": 66.77311654575169,
    "num_eval_samples": 200,
    "avg_predict_time_sec": 0.053854112429544326
  }
}