{
  "timings": {
    "fit_time_sec": 13.728230709210038,
    "predict_time_sec": 1.3510048277676105,
    "total_time_sec": 15.079235536977649,
    "num_eval_samples": 20,
    "avg_predict_time_sec": 0.06755024138838053
  }
}