{
  "timings": {
    "fit_time_sec": 1.2896955013275146e-05,
    "predict_time_sec": 30.821786634624004,
    "total_time_sec": 30.821799531579018,
    "num_eval_samples": 200,
    "avg_predict_time_sec": 0.15410893317312002
  }
}