{
  "timings": {
    "fit_time_sec": 1.4176592230796814e-05,
    "predict_time_sec": 3.0099482964724302,
    "total_time_sec": 3.009962473064661,
    "num_eval_samples": 20,
    "avg_predict_time_sec": 0.1504974148236215
  }
}