{
  "timings": {
    "fit_time_sec": 1.2291595339775085e-05,
    "predict_time_sec": 46.63210328295827,
    "total_time_sec": 46.63211557455361,
    "num_eval_samples": 20,
    "avg_predict_time_sec": 2.3316051641479136
  }
}