{
  "timings": {
    "fit_time_sec": 1.2895092368125916e-05,
    "predict_time_sec": 28.716470427811146,
    "total_time_sec": 28.716483322903514,
    "num_eval_samples": 40,
    "avg_predict_time_sec": 0.7179117606952786
  }
}