{
  "timings": {
    "fit_time_sec": 8.51459252089262,
    "predict_time_sec": 1.6629872396588326,
    "total_time_sec": 10.177579760551453,
    "num_eval_samples": 20,
    "avg_predict_time_sec": 0.08314936198294162
  }
}