{
  "timings": {
    "fit_time_sec": 128.70809995941818,
    "predict_time_sec": 41.786690052598715,
    "total_time_sec": 170.4947900120169,
    "num_eval_samples": 20,
    "avg_predict_time_sec": 2.089334502629936
  }
}