{
  "timings": {
    "fit_time_sec": 1.2814998626708984e-05,
    "predict_time_sec": 36.04032723791897,
    "total_time_sec": 36.0403400529176,
    "num_eval_samples": 40,
    "avg_predict_time_sec": 0.9010081809479743
  }
}