{
  "timings": {
    "fit_time_sec": 40.46381942741573,
    "predict_time_sec": 4.087591364979744,
    "total_time_sec": 44.55141079239547,
    "num_eval_samples": 20,
    "avg_predict_time_sec": 0.2043795682489872
  }
}