{
  "timings": {
    "fit_time_sec": 1.2382864952087402e-05,
    "predict_time_sec": 4.593186676502228,
    "total_time_sec": 4.59319905936718,
    "num_eval_samples": 40,
    "avg_predict_time_sec": 0.1148296669125557
  }
}