{
  "timings": {
    "fit_time_sec": 49.52536264806986,
    "predict_time_sec": 9.449487436562777,
    "total_time_sec": 58.974850084632635,
    "num_eval_samples": 200,
    "avg_predict_time_sec": 0.047247437182813885
  }
}