{
  "timings": {
    "fit_time_sec": 1.309998333454132e-05,
    "predict_time_sec": 16.67791424319148,
    "total_time_sec": 16.677927343174815,
    "num_eval_samples": 20,
    "avg_predict_time_sec": 0.833895712159574
  }
}