{
  "timings": {
    "fit_time_sec": 13.636897251009941,
    "predict_time_sec": 2.5600753277540207,
    "total_time_sec": 16.196972578763962,
    "num_eval_samples": 50,
    "avg_predict_time_sec": 0.05120150655508041
  }
}