{
  "timings": {
    "fit_time_sec": 1.1863186955451965e-05,
    "predict_time_sec": 15.60601164214313,
    "total_time_sec": 15.606023505330086,
    "num_eval_samples": 16,
    "avg_predict_time_sec": 0.9753757276339456
  }
}