{
  "timings": {
    "fit_time_sec": 121.21211643144488,
    "predict_time_sec": 12.80417849123478,
    "total_time_sec": 134.01629492267966,
    "num_eval_samples": 20,
    "avg_predict_time_sec": 0.640208924561739
  }
}