{
  "timings": {
    "fit_time_sec": 7.982731312513351,
    "predict_time_sec": 1.5551206357777119,
    "total_time_sec": 9.537851948291063,
    "num_eval_samples": 20,
    "avg_predict_time_sec": 0.0777560317888856
  }
}