{
  "timings": {
    "fit_time_sec": 43.097153974696994,
    "predict_time_sec": 4.352324595674872,
    "total_time_sec": 47.449478570371866,
    "num_eval_samples": 15,
    "avg_predict_time_sec": 0.2901549730449915
  }
}