{
  "timings": {
    "fit_time_sec": 42.68679436482489,
    "predict_time_sec": 7.90112279728055,
    "total_time_sec": 50.58791716210544,
    "num_eval_samples": 102,
    "avg_predict_time_sec": 0.07746198820863284
  }
}