{
  "timings": {
    "fit_time_sec": 1.3493001461029053e-05,
    "predict_time_sec": 5.666897339746356,
    "total_time_sec": 5.666910832747817,
    "num_eval_samples": 50,
    "avg_predict_time_sec": 0.11333794679492712
  }
}