{
  "timings": {
    "fit_time_sec": 1.265108585357666e-05,
    "predict_time_sec": 4.41022471152246,
    "total_time_sec": 4.410237362608314,
    "num_eval_samples": 40,
    "avg_predict_time_sec": 0.1102556177880615
  }
}