{
  "timings": {
    "fit_time_sec": 19.468483548611403,
    "predict_time_sec": 24.06238605454564,
    "total_time_sec": 43.53086960315704,
    "num_eval_samples": 100,
    "avg_predict_time_sec": 0.2406238605454564
  }
}