{
  "timings": {
    "fit_time_sec": 141.71250904165208,
    "predict_time_sec": 77.87413334660232,
    "total_time_sec": 219.5866423882544,
    "num_eval_samples": 20,
    "avg_predict_time_sec": 3.893706667330116
  }
}