{
  "timings": {
    "fit_time_sec": 124.37255741283298,
    "predict_time_sec": 78.73984769172966,
    "total_time_sec": 203.11240510456264,
    "num_eval_samples": 20,
    "avg_predict_time_sec": 3.936992384586483
  }
}