{
  "timings": {
    "fit_time_sec": 119.17819525301456,
    "predict_time_sec": 60.225552858784795,
    "total_time_sec": 179.40374811179936,
    "num_eval_samples": 40,
    "avg_predict_time_sec": 1.50563882146962
  }
}