{
  "timings": {
    "fit_time_sec": 86.15991349332035,
    "predict_time_sec": 31.653021106496453,
    "total_time_sec": 117.8129345998168,
    "num_eval_samples": 40,
    "avg_predict_time_sec": 0.7913255276624114
  }
}