{
  "timings": {
    "fit_time_sec": 13.677242456004024,
    "predict_time_sec": 4.382482768967748,
    "total_time_sec": 18.05972522497177,
    "num_eval_samples": 40,
    "avg_predict_time_sec": 0.10956206922419369
  }
}