{
  "timings": {
    "fit_time_sec": 13.71447704359889,
    "predict_time_sec": 5.264865167438984,
    "total_time_sec": 18.979342211037874,
    "num_eval_samples": 100,
    "avg_predict_time_sec": 0.05264865167438984
  }
}