{
  "timings": {
    "fit_time_sec": 1.2546777725219727e-05,
    "predict_time_sec": 15.422643603757024,
    "total_time_sec": 15.422656150534749,
    "num_eval_samples": 20,
    "avg_predict_time_sec": 0.7711321801878512
  }
}