{
  "timings": {
    "fit_time_sec": 1.3150274753570557e-05,
    "predict_time_sec": 39.13338751345873,
    "total_time_sec": 39.13340066373348,
    "num_eval_samples": 100,
    "avg_predict_time_sec": 0.3913338751345873
  }
}