{
  "timings": {
    "fit_time_sec": 110.75506518036127,
    "predict_time_sec": 58.96031039953232,
    "total_time_sec": 169.7153755798936,
    "num_eval_samples": 40,
    "avg_predict_time_sec": 1.474007759988308
  }
}