{
  "timings": {
    "fit_time_sec": 27.96593546681106,
    "predict_time_sec": 8.422091567888856,
    "total_time_sec": 36.38802703469992,
    "num_eval_samples": 40,
    "avg_predict_time_sec": 0.2105522891972214
  }
}