{
  "timings": {
    "fit_time_sec": 6.944311397150159,
    "predict_time_sec": 2.591295264661312,
    "total_time_sec": 9.535606661811471,
    "num_eval_samples": 40,
    "avg_predict_time_sec": 0.0647823816165328
  }
}