{
  "timings": {
    "fit_time_sec": 1.1866912245750427e-05,
    "predict_time_sec": 13.807033957913518,
    "total_time_sec": 13.807045824825764,
    "num_eval_samples": 40,
    "avg_predict_time_sec": 0.3451758489478379
  }
}