{
  "timings": {
    "fit_time_sec": 12.02313905581832,
    "predict_time_sec": 28.143542243167758,
    "total_time_sec": 40.16668129898608,
    "num_eval_samples": 100,
    "avg_predict_time_sec": 0.2814354224316776
  }
}