{
  "timings": {
    "fit_time_sec": 27.144581276923418,
    "predict_time_sec": 23.24105019494891,
    "total_time_sec": 50.38563147187233,
    "num_eval_samples": 100,
    "avg_predict_time_sec": 0.23241050194948912
  }
}