{
  "timings": {
    "fit_time_sec": 14.830112686380744,
    "predict_time_sec": 5.411533689126372,
    "total_time_sec": 20.241646375507116,
    "num_eval_samples": 40,
    "avg_predict_time_sec": 0.1352883422281593
  }
}