{
  "timings": {
    "fit_time_sec": 11.685387777164578,
    "predict_time_sec": 24.249179871752858,
    "total_time_sec": 35.93456764891744,
    "num_eval_samples": 100,
    "avg_predict_time_sec": 0.24249179871752857
  }
}