{
  "model": "idefics3",
  "dataset": "naturalbench_vqa",
  "method": "mimic",
  "evaluator": "raw",
  "metrics": {
    "metric": "raw_accuracy",
    "accuracy": 0.725,
    "correct": 29.0,
    "total": 40.0,
    "label_order": [
      "Yes",
      "No",
      "A",
      "B"
    ],
    "confusion_matrix": {
      "labels": [
        "Yes",
        "No",
        "A",
        "B"
      ],
      "matrix": [
        [
          6,
          2,
          0,
          0
        ],
        [
          3,
          5,
          0,
          0
        ],
        [
          0,
          0,
          7,
          5
        ],
        [
          0,
          0,
          1,
          11
        ]
      ]
    },
    "per_class": {
      "Yes": {
        "precision": 0.6666666666666666,
        "recall": 0.75,
        "f1": 0.7058823529411765,
        "support": 8.0,
        "predicted": 9.0,
        "true_positive": 6.0,
        "false_positive": 3.0,
        "false_negative": 2.0
      },
      "No": {
        "precision": 0.7142857142857143,
        "recall": 0.625,
        "f1": 0.6666666666666666,
        "support": 8.0,
        "predicted": 7.0,
        "true_positive": 5.0,
        "false_positive": 2.0,
        "false_negative": 3.0
      },
      "A": {
        "precision": 0.875,
        "recall": 0.5833333333333334,
        "f1": 0.7000000000000001,
        "support": 12.0,
        "predicted": 8.0,
        "true_positive": 7.0,
        "false_positive": 1.0,
        "false_negative": 5.0
      },
      "B": {
        "precision": 0.6875,
        "recall": 0.9166666666666666,
        "f1": 0.7857142857142857,
        "support": 12.0,
        "predicted": 16.0,
        "true_positive": 11.0,
        "false_positive": 5.0,
        "false_negative": 1.0
      }
    },
    "macro_precision": 0.7358630952380952,
    "macro_recall": 0.71875,
    "macro_f1": 0.7145658263305322,
    "balanced_accuracy": 0.71875
  },
  "timings": {
    "fit_time_sec": 217.6718328986317,
    "predict_time_sec": 33.613132037222385,
    "total_time_sec": 251.28496493585408,
    "num_eval_samples": 40,
    "avg_predict_time_sec": 0.8403283009305597
  }
}