{
  "timings": {
    "fit_time_sec": 8.223792515695095,
    "predict_time_sec": 2.1875299979001284,
    "total_time_sec": 10.411322513595223,
    "num_eval_samples": 40,
    "avg_predict_time_sec": 0.05468824994750321
  }
}