{
  "timings": {
    "fit_time_sec": 14.87849155627191,
    "predict_time_sec": 6.145275866612792,
    "total_time_sec": 21.023767422884703,
    "num_eval_samples": 40,
    "avg_predict_time_sec": 0.1536318966653198
  }
}