{
  "timings": {
    "fit_time_sec": 1.2580305337905884e-05,
    "predict_time_sec": 26.755973909050226,
    "total_time_sec": 26.755986489355564,
    "num_eval_samples": 40,
    "avg_predict_time_sec": 0.6688993477262557
  }
}