{
  "timings": {
    "fit_time_sec": 1.2148171663284302e-05,
    "predict_time_sec": 18.724543038755655,
    "total_time_sec": 18.72455518692732,
    "num_eval_samples": 40,
    "avg_predict_time_sec": 0.46811357596889136
  }
}