{
  "timings": {
    "fit_time_sec": 1.3289973139762878e-05,
    "predict_time_sec": 14.012262053787708,
    "total_time_sec": 14.012275343760848,
    "num_eval_samples": 100,
    "avg_predict_time_sec": 0.14012262053787708
  }
}