{
  "timings": {
    "fit_time_sec": 1.230090856552124e-05,
    "predict_time_sec": 15.014081303030252,
    "total_time_sec": 15.014093603938818,
    "num_eval_samples": 100,
    "avg_predict_time_sec": 0.15014081303030252
  }
}