{
  "timings": {
    "fit_time_sec": 23.982612758874893,
    "predict_time_sec": 4.588464744389057,
    "total_time_sec": 28.57107750326395,
    "num_eval_samples": 40,
    "avg_predict_time_sec": 0.11471161860972642
  }
}