{
  "timings": {
    "fit_time_sec": 15.690116621553898,
    "predict_time_sec": 13.536931378766894,
    "total_time_sec": 29.227048000320792,
    "num_eval_samples": 100,
    "avg_predict_time_sec": 0.13536931378766895
  }
}