{
  "model": "qwen3_vl",
  "dataset": "naturalbench_vqa",
  "method": "stv",
  "evaluator": "raw",
  "metrics": {
    "metric": "raw_accuracy",
    "accuracy": 0.5,
    "correct": 20.0,
    "total": 40.0,
    "label_order": [
      "Yes",
      "No",
      "A",
      "B"
    ],
    "confusion_matrix": {
      "labels": [
        "Yes",
        "No",
        "A",
        "B"
      ],
      "matrix": [
        [
          6,
          2,
          0,
          0
        ],
        [
          1,
          7,
          0,
          0
        ],
        [
          9,
          0,
          2,
          1
        ],
        [
          4,
          3,
          0,
          5
        ]
      ]
    },
    "per_class": {
      "Yes": {
        "precision": 0.3,
        "recall": 0.75,
        "f1": 0.4285714285714285,
        "support": 8.0,
        "predicted": 20.0,
        "true_positive": 6.0,
        "false_positive": 14.0,
        "false_negative": 2.0
      },
      "No": {
        "precision": 0.5833333333333334,
        "recall": 0.875,
        "f1": 0.7000000000000001,
        "support": 8.0,
        "predicted": 12.0,
        "true_positive": 7.0,
        "false_positive": 5.0,
        "false_negative": 1.0
      },
      "A": {
        "precision": 1.0,
        "recall": 0.16666666666666666,
        "f1": 0.2857142857142857,
        "support": 12.0,
        "predicted": 2.0,
        "true_positive": 2.0,
        "false_positive": 0.0,
        "false_negative": 10.0
      },
      "B": {
        "precision": 0.8333333333333334,
        "recall": 0.4166666666666667,
        "f1": 0.5555555555555556,
        "support": 12.0,
        "predicted": 6.0,
        "true_positive": 5.0,
        "false_positive": 1.0,
        "false_negative": 7.0
      }
    },
    "macro_precision": 0.6791666666666667,
    "macro_recall": 0.5520833333333334,
    "macro_f1": 0.4924603174603175,
    "balanced_accuracy": 0.5520833333333334
  },
  "timings": {
    "fit_time_sec": 86.15991349332035,
    "predict_time_sec": 31.653021106496453,
    "total_time_sec": 117.8129345998168,
    "num_eval_samples": 40,
    "avg_predict_time_sec": 0.7913255276624114
  }
}