{
  "timings": {
    "fit_time_sec": 1.1727213859558105e-05,
    "predict_time_sec": 13.677787479013205,
    "total_time_sec": 13.677799206227064,
    "num_eval_samples": 20,
    "avg_predict_time_sec": 0.6838893739506602
  }
}