{
  "timings": {
    "fit_time_sec": 13.071190923452377,
    "predict_time_sec": 4.671158276498318,
    "total_time_sec": 17.742349199950695,
    "num_eval_samples": 100,
    "avg_predict_time_sec": 0.046711582764983176
  }
}