{
  "timings": {
    "fit_time_sec": 66.71810929104686,
    "predict_time_sec": 18.165053945034742,
    "total_time_sec": 84.8831632360816,
    "num_eval_samples": 40,
    "avg_predict_time_sec": 0.45412634862586854
  }
}