{
  "timings": {
    "fit_time_sec": 69.2293817512691,
    "predict_time_sec": 7.557027444243431,
    "total_time_sec": 76.78640919551253,
    "num_eval_samples": 20,
    "avg_predict_time_sec": 0.3778513722121716
  }
}