{
  "timings": {
    "fit_time_sec": 1.2746080756187439e-05,
    "predict_time_sec": 14.359133284538984,
    "total_time_sec": 14.35914603061974,
    "num_eval_samples": 40,
    "avg_predict_time_sec": 0.35897833211347463
  }
}