{
  "timings": {
    "fit_time_sec": 1.2490898370742798e-05,
    "predict_time_sec": 4.592504734173417,
    "total_time_sec": 4.592517225071788,
    "num_eval_samples": 40,
    "avg_predict_time_sec": 0.11481261835433543
  }
}