{
  "timings": {
    "fit_time_sec": 8.273493567481637,
    "predict_time_sec": 1.953392367810011,
    "total_time_sec": 10.226885935291648,
    "num_eval_samples": 40,
    "avg_predict_time_sec": 0.048834809195250274
  }
}