{
  "timings": {
    "fit_time_sec": 1.3865530490875244e-05,
    "predict_time_sec": 14.39617957174778,
    "total_time_sec": 14.39619343727827,
    "num_eval_samples": 100,
    "avg_predict_time_sec": 0.1439617957174778
  }
}