{
  "timings": {
    "fit_time_sec": 1.1514872312545776e-05,
    "predict_time_sec": 42.53779020905495,
    "total_time_sec": 42.53780172392726,
    "num_eval_samples": 100,
    "avg_predict_time_sec": 0.4253779020905495
  }
}