{
  "timings": {
    "fit_time_sec": 30.397207928821445,
    "predict_time_sec": 26.60263599641621,
    "total_time_sec": 56.999843925237656,
    "num_eval_samples": 100,
    "avg_predict_time_sec": 0.26602635996416213
  }
}