{
  "timings": {
    "fit_time_sec": 1.1866912245750427e-05,
    "predict_time_sec": 3.9112254064530134,
    "total_time_sec": 3.911237273365259,
    "num_eval_samples": 40,
    "avg_predict_time_sec": 0.09778063516132533
  }
}