{
  "timings": {
    "fit_time_sec": 1.2135133147239685e-05,
    "predict_time_sec": 15.225690396502614,
    "total_time_sec": 15.225702531635761,
    "num_eval_samples": 40,
    "avg_predict_time_sec": 0.38064225991256534
  }
}