{
  "timings": {
    "fit_time_sec": 19.4377005007118,
    "predict_time_sec": 6.7499066684395075,
    "total_time_sec": 26.187607169151306,
    "num_eval_samples": 40,
    "avg_predict_time_sec": 0.16874766671098768
  }
}