{
  "timings": {
    "fit_time_sec": 15.82200986891985,
    "predict_time_sec": 19.31674127653241,
    "total_time_sec": 35.13875114545226,
    "num_eval_samples": 100,
    "avg_predict_time_sec": 0.19316741276532412
  }
}