{
  "timings": {
    "fit_time_sec": 21.59783111512661,
    "predict_time_sec": 26.569209599867463,
    "total_time_sec": 48.16704071499407,
    "num_eval_samples": 100,
    "avg_predict_time_sec": 0.2656920959986746
  }
}