{
  "timings": {
    "fit_time_sec": 8.84781083278358,
    "predict_time_sec": 22.52445869706571,
    "total_time_sec": 31.37226952984929,
    "num_eval_samples": 100,
    "avg_predict_time_sec": 0.2252445869706571
  }
}