{
  "timings": {
    "fit_time_sec": 92.20889021456242,
    "predict_time_sec": 25.767180712893605,
    "total_time_sec": 117.97607092745602,
    "num_eval_samples": 40,
    "avg_predict_time_sec": 0.6441795178223402
  }
}