{
  "timings": {
    "fit_time_sec": 11.016522128134966,
    "predict_time_sec": 3.759372839704156,
    "total_time_sec": 14.775894967839122,
    "num_eval_samples": 100,
    "avg_predict_time_sec": 0.03759372839704156
  }
}