{
  "timings": {
    "fit_time_sec": 106.36405963636935,
    "predict_time_sec": 78.51063624210656,
    "total_time_sec": 184.8746958784759,
    "num_eval_samples": 20,
    "avg_predict_time_sec": 3.9255318121053278
  }
}