{
  "timings": {
    "fit_time_sec": 26.360074745491147,
    "predict_time_sec": 7.232701402157545,
    "total_time_sec": 33.59277614764869,
    "num_eval_samples": 40,
    "avg_predict_time_sec": 0.18081753505393863
  }
}