{
  "model": "qwen3_vl",
  "dataset": "naturalbench_vqa",
  "method": "i2cl",
  "evaluator": "raw",
  "metrics": {
    "metric": "raw_accuracy",
    "accuracy": 0.425,
    "correct": 17.0,
    "total": 40.0,
    "label_order": [
      "Yes",
      "No",
      "A",
      "B"
    ],
    "confusion_matrix": {
      "labels": [
        "Yes",
        "No",
        "A",
        "B"
      ],
      "matrix": [
        [
          6,
          2,
          0,
          0
        ],
        [
          1,
          7,
          0,
          0
        ],
        [
          9,
          1,
          2,
          0
        ],
        [
          6,
          4,
          0,
          2
        ]
      ]
    },
    "per_class": {
      "Yes": {
        "precision": 0.2727272727272727,
        "recall": 0.75,
        "f1": 0.39999999999999997,
        "support": 8.0,
        "predicted": 22.0,
        "true_positive": 6.0,
        "false_positive": 16.0,
        "false_negative": 2.0
      },
      "No": {
        "precision": 0.5,
        "recall": 0.875,
        "f1": 0.6363636363636364,
        "support": 8.0,
        "predicted": 14.0,
        "true_positive": 7.0,
        "false_positive": 7.0,
        "false_negative": 1.0
      },
      "A": {
        "precision": 1.0,
        "recall": 0.16666666666666666,
        "f1": 0.2857142857142857,
        "support": 12.0,
        "predicted": 2.0,
        "true_positive": 2.0,
        "false_positive": 0.0,
        "false_negative": 10.0
      },
      "B": {
        "precision": 1.0,
        "recall": 0.16666666666666666,
        "f1": 0.2857142857142857,
        "support": 12.0,
        "predicted": 2.0,
        "true_positive": 2.0,
        "false_positive": 0.0,
        "false_negative": 10.0
      }
    },
    "macro_precision": 0.6931818181818181,
    "macro_recall": 0.4895833333333333,
    "macro_f1": 0.40194805194805194,
    "balanced_accuracy": 0.4895833333333333
  },
  "timings": {
    "fit_time_sec": 88.04895899817348,
    "predict_time_sec": 31.061906265094876,
    "total_time_sec": 119.11086526326835,
    "num_eval_samples": 40,
    "avg_predict_time_sec": 0.7765476566273719
  }
}