{
  "timings": {
    "fit_time_sec": 19.41936650313437,
    "predict_time_sec": 10.417232669889927,
    "total_time_sec": 29.836599173024297,
    "num_eval_samples": 40,
    "avg_predict_time_sec": 0.26043081674724816
  }
}