{
  "timings": {
    "fit_time_sec": 6.715721812099218,
    "predict_time_sec": 2.5676422268152237,
    "total_time_sec": 9.283364038914442,
    "num_eval_samples": 40,
    "avg_predict_time_sec": 0.0641910556703806
  }
}