{
  "timings": {
    "fit_time_sec": 13.873950680717826,
    "predict_time_sec": 4.802685244008899,
    "total_time_sec": 18.676635924726725,
    "num_eval_samples": 40,
    "avg_predict_time_sec": 0.12006713110022246
  }
}