{
  "timings": {
    "fit_time_sec": 1.1978670954704285e-05,
    "predict_time_sec": 14.003226747736335,
    "total_time_sec": 14.00323872640729,
    "num_eval_samples": 20,
    "avg_predict_time_sec": 0.7001613373868167
  }
}