{
  "timings": {
    "fit_time_sec": 20.11215445958078,
    "predict_time_sec": 29.11232140660286,
    "total_time_sec": 49.22447586618364,
    "num_eval_samples": 100,
    "avg_predict_time_sec": 0.2911232140660286
  }
}