{
  "timings": {
    "fit_time_sec": 135.6895531695336,
    "predict_time_sec": 108.0282522700727,
    "total_time_sec": 243.7178054396063,
    "num_eval_samples": 20,
    "avg_predict_time_sec": 5.401412613503635
  }
}