{
  "timings": {
    "fit_time_sec": 217.6718328986317,
    "predict_time_sec": 33.613132037222385,
    "total_time_sec": 251.28496493585408,
    "num_eval_samples": 40,
    "avg_predict_time_sec": 0.8403283009305597
  }
}