{
  "timings": {
    "fit_time_sec": 17.418802555650473,
    "predict_time_sec": 7.923938499763608,
    "total_time_sec": 25.34274105541408,
    "num_eval_samples": 40,
    "avg_predict_time_sec": 0.1980984624940902
  }
}