{
  "timings": {
    "fit_time_sec": 23.03855662792921,
    "predict_time_sec": 5.678725875914097,
    "total_time_sec": 28.717282503843307,
    "num_eval_samples": 40,
    "avg_predict_time_sec": 0.14196814689785242
  }
}