{
  "timings": {
    "fit_time_sec": 1.2202188372612e-05,
    "predict_time_sec": 5.5386136174201965,
    "total_time_sec": 5.538625819608569,
    "num_eval_samples": 40,
    "avg_predict_time_sec": 0.1384653404355049
  }
}