{
  "timings": {
    "fit_time_sec": 88.04895899817348,
    "predict_time_sec": 31.061906265094876,
    "total_time_sec": 119.11086526326835,
    "num_eval_samples": 40,
    "avg_predict_time_sec": 0.7765476566273719
  }
}