{
  "timings": {
    "fit_time_sec": 85.52673780918121,
    "predict_time_sec": 9.641211295500398,
    "total_time_sec": 95.16794910468161,
    "num_eval_samples": 20,
    "avg_predict_time_sec": 0.4820605647750199
  }
}