{
  "timings": {
    "fit_time_sec": 1.4258548617362976e-05,
    "predict_time_sec": 10.521786687895656,
    "total_time_sec": 10.521800946444273,
    "num_eval_samples": 100,
    "avg_predict_time_sec": 0.10521786687895655
  }
}