{
  "timings": {
    "fit_time_sec": 24.456937562674284,
    "predict_time_sec": 21.23775083385408,
    "total_time_sec": 45.69468839652836,
    "num_eval_samples": 100,
    "avg_predict_time_sec": 0.2123775083385408
  }
}