{
  "timings": {
    "fit_time_sec": 19.308184115216136,
    "predict_time_sec": 8.122432408854365,
    "total_time_sec": 27.4306165240705,
    "num_eval_samples": 40,
    "avg_predict_time_sec": 0.20306081022135913
  }
}