{
  "timings": {
    "fit_time_sec": 14.343739572912455,
    "predict_time_sec": 5.140054441988468,
    "total_time_sec": 19.483794014900923,
    "num_eval_samples": 100,
    "avg_predict_time_sec": 0.05140054441988468
  }
}