{
  "timings": {
    "fit_time_sec": 6.901495983824134,
    "predict_time_sec": 17.278776556253433,
    "total_time_sec": 24.180272540077567,
    "num_eval_samples": 100,
    "avg_predict_time_sec": 0.17278776556253433
  }
}