{
  "timings": {
    "fit_time_sec": 6.71741977520287,
    "predict_time_sec": 2.5323946084827185,
    "total_time_sec": 9.249814383685589,
    "num_eval_samples": 40,
    "avg_predict_time_sec": 0.06330986521206797
  }
}