{
  "timings": {
    "fit_time_sec": 1.2056902050971985e-05,
    "predict_time_sec": 38.23769034259021,
    "total_time_sec": 38.237702399492264,
    "num_eval_samples": 100,
    "avg_predict_time_sec": 0.38237690342590214
  }
}