{
  "timings": {
    "fit_time_sec": 1.2217089533805847e-05,
    "predict_time_sec": 14.058157719671726,
    "total_time_sec": 14.05816993676126,
    "num_eval_samples": 40,
    "avg_predict_time_sec": 0.35145394299179317
  }
}