{
  "timings": {
    "fit_time_sec": 73.17283720895648,
    "predict_time_sec": 34.896397061645985,
    "total_time_sec": 108.06923427060246,
    "num_eval_samples": 100,
    "avg_predict_time_sec": 0.34896397061645984
  }
}