{
  "timings": {
    "fit_time_sec": 1.276843249797821e-05,
    "predict_time_sec": 5.454617949202657,
    "total_time_sec": 5.454630717635155,
    "num_eval_samples": 40,
    "avg_predict_time_sec": 0.13636544873006642
  }
}