{
  "timings": {
    "fit_time_sec": 6.531855730339885,
    "predict_time_sec": 2.527127582579851,
    "total_time_sec": 9.058983312919736,
    "num_eval_samples": 40,
    "avg_predict_time_sec": 0.06317818956449628
  }
}