{
  "timings": {
    "fit_time_sec": 26.942908028140664,
    "predict_time_sec": 12.917330654338002,
    "total_time_sec": 39.860238682478666,
    "num_eval_samples": 40,
    "avg_predict_time_sec": 0.32293326635845004
  }
}