{
  "timings": {
    "fit_time_sec": 66.00040483102202,
    "predict_time_sec": 32.356561889871955,
    "total_time_sec": 98.35696672089398,
    "num_eval_samples": 100,
    "avg_predict_time_sec": 0.32356561889871954
  }
}