{
  "timings": {
    "fit_time_sec": 66.47947891429067,
    "predict_time_sec": 18.018159536644816,
    "total_time_sec": 84.49763845093548,
    "num_eval_samples": 40,
    "avg_predict_time_sec": 0.4504539884161204
  }
}