{
  "timings": {
    "fit_time_sec": 85.36220272816718,
    "predict_time_sec": 9.7456561550498,
    "total_time_sec": 95.10785888321698,
    "num_eval_samples": 20,
    "avg_predict_time_sec": 0.48728280775249005
  }
}