{
  "timings": {
    "fit_time_sec": 13.958924761041999,
    "predict_time_sec": 5.062892913818359,
    "total_time_sec": 19.02181767486036,
    "num_eval_samples": 100,
    "avg_predict_time_sec": 0.05062892913818359
  }
}