{
  "timings": {
    "fit_time_sec": 8.025032555684447,
    "predict_time_sec": 2.048777110874653,
    "total_time_sec": 10.0738096665591,
    "num_eval_samples": 40,
    "avg_predict_time_sec": 0.05121942777186632
  }
}