{
  "timings": {
    "fit_time_sec": 1.2291595339775085e-05,
    "predict_time_sec": 13.23122545145452,
    "total_time_sec": 13.23123774304986,
    "num_eval_samples": 100,
    "avg_predict_time_sec": 0.1323122545145452
  }
}