{
  "timings": {
    "fit_time_sec": 1.1943280696868896e-05,
    "predict_time_sec": 26.805240554735065,
    "total_time_sec": 26.80525249801576,
    "num_eval_samples": 40,
    "avg_predict_time_sec": 0.6701310138683766
  }
}