{
  "timings": {
    "fit_time_sec": 1.2109056115150452e-05,
    "predict_time_sec": 24.57919798605144,
    "total_time_sec": 24.579210095107555,
    "num_eval_samples": 40,
    "avg_predict_time_sec": 0.614479949651286
  }
}