{
  "timings": {
    "fit_time_sec": 13.871436774730682,
    "predict_time_sec": 4.985979998484254,
    "total_time_sec": 18.857416773214936,
    "num_eval_samples": 100,
    "avg_predict_time_sec": 0.04985979998484254
  }
}