{
  "timings": {
    "fit_time_sec": 26.0531901512295,
    "predict_time_sec": 11.311416901648045,
    "total_time_sec": 37.364607052877545,
    "num_eval_samples": 40,
    "avg_predict_time_sec": 0.2827854225412011
  }
}