{
  "timings": {
    "fit_time_sec": 68.46509847044945,
    "predict_time_sec": 7.433268688619137,
    "total_time_sec": 75.89836715906858,
    "num_eval_samples": 20,
    "avg_predict_time_sec": 0.37166343443095684
  }
}