{
  "timings": {
    "fit_time_sec": 1.2332573533058167e-05,
    "predict_time_sec": 22.19163996167481,
    "total_time_sec": 22.191652294248343,
    "num_eval_samples": 40,
    "avg_predict_time_sec": 0.5547909990418702
  }
}