{
  "timings": {
    "fit_time_sec": 1.2842938303947449e-05,
    "predict_time_sec": 14.465307014063,
    "total_time_sec": 14.465319857001305,
    "num_eval_samples": 100,
    "avg_predict_time_sec": 0.14465307014063
  }
}