{
  "timings": {
    "fit_time_sec": 12.751668579876423,
    "predict_time_sec": 4.590788040310144,
    "total_time_sec": 17.342456620186567,
    "num_eval_samples": 100,
    "avg_predict_time_sec": 0.045907880403101446
  }
}