{
  "timings": {
    "fit_time_sec": 51.99372083134949,
    "predict_time_sec": 13.949337352067232,
    "total_time_sec": 65.94305818341672,
    "num_eval_samples": 40,
    "avg_predict_time_sec": 0.3487334338016808
  }
}