{
  "timings": {
    "fit_time_sec": 8.196311550214887,
    "predict_time_sec": 1.9139484371989965,
    "total_time_sec": 10.110259987413883,
    "num_eval_samples": 40,
    "avg_predict_time_sec": 0.04784871092997491
  }
}