{
  "timings": {
    "fit_time_sec": 22.533916793763638,
    "predict_time_sec": 11.32792579755187,
    "total_time_sec": 33.86184259131551,
    "num_eval_samples": 40,
    "avg_predict_time_sec": 0.28319814493879675
  }
}