{
  "timings": {
    "fit_time_sec": 1.2733042240142822e-05,
    "predict_time_sec": 4.184223951771855,
    "total_time_sec": 4.1842366848140955,
    "num_eval_samples": 40,
    "avg_predict_time_sec": 0.10460559879429639
  }
}