{
  "timings": {
    "fit_time_sec": 1.1956319212913513e-05,
    "predict_time_sec": 13.732222815975547,
    "total_time_sec": 13.73223477229476,
    "num_eval_samples": 40,
    "avg_predict_time_sec": 0.3433055703993887
  }
}