{
  "timings": {
    "fit_time_sec": 1.2263655662536621e-05,
    "predict_time_sec": 19.2410112246871,
    "total_time_sec": 19.241023488342762,
    "num_eval_samples": 40,
    "avg_predict_time_sec": 0.4810252806171775
  }
}