{
  "timings": {
    "fit_time_sec": 1.2213364243507385e-05,
    "predict_time_sec": 14.093177933245897,
    "total_time_sec": 14.09319014661014,
    "num_eval_samples": 100,
    "avg_predict_time_sec": 0.14093177933245898
  }
}