{
  "timings": {
    "fit_time_sec": 1.3107433915138245e-05,
    "predict_time_sec": 13.503143044188619,
    "total_time_sec": 13.503156151622534,
    "num_eval_samples": 20,
    "avg_predict_time_sec": 0.675157152209431
  }
}