{
  "timings": {
    "fit_time_sec": 1.2516975402832031e-05,
    "predict_time_sec": 3.849283130839467,
    "total_time_sec": 3.84929564781487,
    "num_eval_samples": 40,
    "avg_predict_time_sec": 0.09623207827098668
  }
}