{
  "timings": {
    "fit_time_sec": 13.465465812012553,
    "predict_time_sec": 5.18080959841609,
    "total_time_sec": 18.646275410428643,
    "num_eval_samples": 100,
    "avg_predict_time_sec": 0.0518080959841609
  }
}