{
  "timings": {
    "fit_time_sec": 1.2177973985671997e-05,
    "predict_time_sec": 19.071293788030744,
    "total_time_sec": 19.07130596600473,
    "num_eval_samples": 40,
    "avg_predict_time_sec": 0.4767823447007686
  }
}