{
  "timings": {
    "fit_time_sec": 1.2265518307685852e-05,
    "predict_time_sec": 14.081298798322678,
    "total_time_sec": 14.081311063840985,
    "num_eval_samples": 100,
    "avg_predict_time_sec": 0.14081298798322678
  }
}