{
  "timings": {
    "fit_time_sec": 1.1721625924110413e-05,
    "predict_time_sec": 13.993700532242656,
    "total_time_sec": 13.99371225386858,
    "num_eval_samples": 20,
    "avg_predict_time_sec": 0.6996850266121328
  }
}