{
  "timings": {
    "fit_time_sec": 1.2025237083435059e-05,
    "predict_time_sec": 13.60729281976819,
    "total_time_sec": 13.607304845005274,
    "num_eval_samples": 100,
    "avg_predict_time_sec": 0.1360729281976819
  }
}