{
  "timings": {
    "fit_time_sec": 60.733306623995304,
    "predict_time_sec": 32.00503518246114,
    "total_time_sec": 92.73834180645645,
    "num_eval_samples": 100,
    "avg_predict_time_sec": 0.32005035182461145
  }
}