{
  "model": "qwen2_vl",
  "dataset": "naturalbench_vqa",
  "method": "sav",
  "evaluator": "raw",
  "metrics": {
    "metric": "raw_accuracy",
    "accuracy": 0.825,
    "correct": 33.0,
    "total": 40.0,
    "label_order": [
      "Yes",
      "No",
      "A",
      "B"
    ],
    "confusion_matrix": {
      "labels": [
        "Yes",
        "No",
        "A",
        "B"
      ],
      "matrix": [
        [
          8,
          0,
          0,
          0
        ],
        [
          2,
          6,
          0,
          0
        ],
        [
          0,
          0,
          9,
          3
        ],
        [
          0,
          0,
          2,
          10
        ]
      ]
    },
    "per_class": {
      "Yes": {
        "precision": 0.8,
        "recall": 1.0,
        "f1": 0.888888888888889,
        "support": 8.0,
        "predicted": 10.0,
        "true_positive": 8.0,
        "false_positive": 2.0,
        "false_negative": 0.0
      },
      "No": {
        "precision": 1.0,
        "recall": 0.75,
        "f1": 0.8571428571428571,
        "support": 8.0,
        "predicted": 6.0,
        "true_positive": 6.0,
        "false_positive": 0.0,
        "false_negative": 2.0
      },
      "A": {
        "precision": 0.8181818181818182,
        "recall": 0.75,
        "f1": 0.7826086956521738,
        "support": 12.0,
        "predicted": 11.0,
        "true_positive": 9.0,
        "false_positive": 2.0,
        "false_negative": 3.0
      },
      "B": {
        "precision": 0.7692307692307693,
        "recall": 0.8333333333333334,
        "f1": 0.8,
        "support": 12.0,
        "predicted": 13.0,
        "true_positive": 10.0,
        "false_positive": 3.0,
        "false_negative": 2.0
      }
    },
    "macro_precision": 0.8468531468531468,
    "macro_recall": 0.8333333333333334,
    "macro_f1": 0.8321601104209799,
    "balanced_accuracy": 0.8333333333333334
  },
  "timings": {
    "fit_time_sec": 93.37690064124763,
    "predict_time_sec": 25.777045538648963,
    "total_time_sec": 119.1539461798966,
    "num_eval_samples": 40,
    "avg_predict_time_sec": 0.6444261384662241
  }
}