{
  "timings": {
    "fit_time_sec": 121.0328897498548,
    "predict_time_sec": 14.56103054061532,
    "total_time_sec": 135.59392029047012,
    "num_eval_samples": 20,
    "avg_predict_time_sec": 0.728051527030766
  }
}