{
  "timings": {
    "fit_time_sec": 10.908048847690225,
    "predict_time_sec": 3.7892872635275126,
    "total_time_sec": 14.697336111217737,
    "num_eval_samples": 100,
    "avg_predict_time_sec": 0.037892872635275125
  }
}