{
  "timings": {
    "fit_time_sec": 1.1766329407691956e-05,
    "predict_time_sec": 15.551594190299511,
    "total_time_sec": 15.551605956628919,
    "num_eval_samples": 20,
    "avg_predict_time_sec": 0.7775797095149756
  }
}