{
  "timings": {
    "fit_time_sec": 30.0240445882082,
    "predict_time_sec": 15.616018919274211,
    "total_time_sec": 45.64006350748241,
    "num_eval_samples": 40,
    "avg_predict_time_sec": 0.39040047298185526
  }
}