{
  "timings": {
    "fit_time_sec": 93.37690064124763,
    "predict_time_sec": 25.777045538648963,
    "total_time_sec": 119.1539461798966,
    "num_eval_samples": 40,
    "avg_predict_time_sec": 0.6444261384662241
  }
}