{
  "timings": {
    "fit_time_sec": 1.1516734957695007e-05,
    "predict_time_sec": 15.20201282389462,
    "total_time_sec": 15.202024340629578,
    "num_eval_samples": 40,
    "avg_predict_time_sec": 0.3800503205973655
  }
}