{
  "timings": {
    "fit_time_sec": 1.2384727597236633e-05,
    "predict_time_sec": 37.0292037576437,
    "total_time_sec": 37.0292161423713,
    "num_eval_samples": 100,
    "avg_predict_time_sec": 0.37029203757643697
  }
}