{
  "timings": {
    "fit_time_sec": 1.214444637298584e-05,
    "predict_time_sec": 10.591412553563714,
    "total_time_sec": 10.591424698010087,
    "num_eval_samples": 100,
    "avg_predict_time_sec": 0.10591412553563714
  }
}