{
  "timings": {
    "fit_time_sec": 1.1412426829338074e-05,
    "predict_time_sec": 41.609574964269996,
    "total_time_sec": 41.609586376696825,
    "num_eval_samples": 100,
    "avg_predict_time_sec": 0.41609574964269996
  }
}