{
  "timings": {
    "fit_time_sec": 23.56376156769693,
    "predict_time_sec": 12.00439221598208,
    "total_time_sec": 35.56815378367901,
    "num_eval_samples": 40,
    "avg_predict_time_sec": 0.300109805399552
  }
}