{
  "timings": {
    "fit_time_sec": 13.306369330734015,
    "predict_time_sec": 4.891122838482261,
    "total_time_sec": 18.197492169216275,
    "num_eval_samples": 100,
    "avg_predict_time_sec": 0.048911228384822605
  }
}