{
  "timings": {
    "fit_time_sec": 1.272931694984436e-05,
    "predict_time_sec": 4.471622075885534,
    "total_time_sec": 4.471634805202484,
    "num_eval_samples": 40,
    "avg_predict_time_sec": 0.11179055189713835
  }
}