{
  "model": "qwen2_vl",
  "dataset": "naturalbench_vqa",
  "method": "rse",
  "evaluator": "raw",
  "metrics": {
    "metric": "raw_accuracy",
    "accuracy": 0.775,
    "correct": 31.0,
    "total": 40.0,
    "label_order": [
      "A",
      "B",
      "Yes",
      "No"
    ],
    "confusion_matrix": {
      "labels": [
        "A",
        "B",
        "Yes",
        "No"
      ],
      "matrix": [
        [
          4,
          2,
          0,
          0
        ],
        [
          0,
          6,
          0,
          0
        ],
        [
          0,
          0,
          11,
          3
        ],
        [
          0,
          0,
          4,
          10
        ]
      ]
    },
    "per_class": {
      "A": {
        "precision": 1.0,
        "recall": 0.6666666666666666,
        "f1": 0.8,
        "support": 6.0,
        "predicted": 4.0,
        "true_positive": 4.0,
        "false_positive": 0.0,
        "false_negative": 2.0
      },
      "B": {
        "precision": 0.75,
        "recall": 1.0,
        "f1": 0.8571428571428571,
        "support": 6.0,
        "predicted": 8.0,
        "true_positive": 6.0,
        "false_positive": 2.0,
        "false_negative": 0.0
      },
      "Yes": {
        "precision": 0.7333333333333333,
        "recall": 0.7857142857142857,
        "f1": 0.7586206896551724,
        "support": 14.0,
        "predicted": 15.0,
        "true_positive": 11.0,
        "false_positive": 4.0,
        "false_negative": 3.0
      },
      "No": {
        "precision": 0.7692307692307693,
        "recall": 0.7142857142857143,
        "f1": 0.7407407407407408,
        "support": 14.0,
        "predicted": 13.0,
        "true_positive": 10.0,
        "false_positive": 3.0,
        "false_negative": 4.0
      }
    },
    "macro_precision": 0.8131410256410256,
    "macro_recall": 0.7916666666666666,
    "macro_f1": 0.7891260718846926,
    "balanced_accuracy": 0.7916666666666666
  }
}