{
  "timings": {
    "fit_time_sec": 1.268833875656128e-05,
    "predict_time_sec": 5.664450585842133,
    "total_time_sec": 5.664463274180889,
    "num_eval_samples": 50,
    "avg_predict_time_sec": 0.11328901171684265
  }
}