{
  "model": "qwen2_vl",
  "dataset": "naturalbench_vqa",
  "method": "rse",
  "evaluator": "raw",
  "metrics": {
    "metric": "raw_accuracy",
    "accuracy": 0.725,
    "correct": 29.0,
    "total": 40.0,
    "label_order": [
      "A",
      "B",
      "Yes",
      "No"
    ],
    "confusion_matrix": {
      "labels": [
        "A",
        "B",
        "Yes",
        "No"
      ],
      "matrix": [
        [
          4,
          2,
          0,
          0
        ],
        [
          1,
          5,
          0,
          0
        ],
        [
          0,
          0,
          9,
          5
        ],
        [
          0,
          0,
          3,
          11
        ]
      ]
    },
    "per_class": {
      "A": {
        "precision": 0.8,
        "recall": 0.6666666666666666,
        "f1": 0.7272727272727272,
        "support": 6.0,
        "predicted": 5.0,
        "true_positive": 4.0,
        "false_positive": 1.0,
        "false_negative": 2.0
      },
      "B": {
        "precision": 0.7142857142857143,
        "recall": 0.8333333333333334,
        "f1": 0.7692307692307692,
        "support": 6.0,
        "predicted": 7.0,
        "true_positive": 5.0,
        "false_positive": 2.0,
        "false_negative": 1.0
      },
      "Yes": {
        "precision": 0.75,
        "recall": 0.6428571428571429,
        "f1": 0.6923076923076924,
        "support": 14.0,
        "predicted": 12.0,
        "true_positive": 9.0,
        "false_positive": 3.0,
        "false_negative": 5.0
      },
      "No": {
        "precision": 0.6875,
        "recall": 0.7857142857142857,
        "f1": 0.7333333333333334,
        "support": 14.0,
        "predicted": 16.0,
        "true_positive": 11.0,
        "false_positive": 5.0,
        "false_negative": 3.0
      }
    },
    "macro_precision": 0.7379464285714286,
    "macro_recall": 0.7321428571428572,
    "macro_f1": 0.7305361305361305,
    "balanced_accuracy": 0.7321428571428572
  }
}