{
  "model": "qwen2_vl",
  "dataset": "naturalbench_vqa",
  "method": "sav",
  "evaluator": "raw",
  "metrics": {
    "metric": "raw_accuracy",
    "accuracy": 0.8,
    "correct": 32.0,
    "total": 40.0,
    "label_order": [
      "A",
      "B",
      "Yes",
      "No"
    ],
    "confusion_matrix": {
      "labels": [
        "A",
        "B",
        "Yes",
        "No"
      ],
      "matrix": [
        [
          4,
          2,
          0,
          0
        ],
        [
          0,
          6,
          0,
          0
        ],
        [
          0,
          0,
          11,
          3
        ],
        [
          0,
          0,
          3,
          11
        ]
      ]
    },
    "per_class": {
      "A": {
        "precision": 1.0,
        "recall": 0.6666666666666666,
        "f1": 0.8,
        "support": 6.0,
        "predicted": 4.0,
        "true_positive": 4.0,
        "false_positive": 0.0,
        "false_negative": 2.0
      },
      "B": {
        "precision": 0.75,
        "recall": 1.0,
        "f1": 0.8571428571428571,
        "support": 6.0,
        "predicted": 8.0,
        "true_positive": 6.0,
        "false_positive": 2.0,
        "false_negative": 0.0
      },
      "Yes": {
        "precision": 0.7857142857142857,
        "recall": 0.7857142857142857,
        "f1": 0.7857142857142857,
        "support": 14.0,
        "predicted": 14.0,
        "true_positive": 11.0,
        "false_positive": 3.0,
        "false_negative": 3.0
      },
      "No": {
        "precision": 0.7857142857142857,
        "recall": 0.7857142857142857,
        "f1": 0.7857142857142857,
        "support": 14.0,
        "predicted": 14.0,
        "true_positive": 11.0,
        "false_positive": 3.0,
        "false_negative": 3.0
      }
    },
    "macro_precision": 0.8303571428571428,
    "macro_recall": 0.8095238095238095,
    "macro_f1": 0.8071428571428572,
    "balanced_accuracy": 0.8095238095238095
  }
}