{
  "timings": {
    "fit_time_sec": 68.7795833684504,
    "predict_time_sec": 7.552319727838039,
    "total_time_sec": 76.33190309628844,
    "num_eval_samples": 20,
    "avg_predict_time_sec": 0.37761598639190197
  }
}