{
  "timings": {
    "fit_time_sec": 1.2403354048728943e-05,
    "predict_time_sec": 15.269974930211902,
    "total_time_sec": 15.26998733356595,
    "num_eval_samples": 40,
    "avg_predict_time_sec": 0.38174937325529756
  }
}