{
  "timings": {
    "fit_time_sec": 1.2306496500968933e-05,
    "predict_time_sec": 4.458088340237737,
    "total_time_sec": 4.458100646734238,
    "num_eval_samples": 40,
    "avg_predict_time_sec": 0.11145220850594342
  }
}