{
  "timings": {
    "fit_time_sec": 1.2585893273353577e-05,
    "predict_time_sec": 19.075662495568395,
    "total_time_sec": 19.075675081461668,
    "num_eval_samples": 40,
    "avg_predict_time_sec": 0.4768915623892099
  }
}