{
  "timings": {
    "fit_time_sec": 1.3029202818870544e-05,
    "predict_time_sec": 13.548626022413373,
    "total_time_sec": 13.548639051616192,
    "num_eval_samples": 20,
    "avg_predict_time_sec": 0.6774313011206686
  }
}