{
  "timings": {
    "fit_time_sec": 1.31949782371521e-05,
    "predict_time_sec": 5.456955499947071,
    "total_time_sec": 5.456968694925308,
    "num_eval_samples": 40,
    "avg_predict_time_sec": 0.1364238874986768
  }
}