{
  "timings": {
    "fit_time_sec": 10.678585415706038,
    "predict_time_sec": 3.7813206259161234,
    "total_time_sec": 14.459906041622162,
    "num_eval_samples": 100,
    "avg_predict_time_sec": 0.037813206259161236
  }
}