{
  "timings": {
    "fit_time_sec": 93.90919605270028,
    "predict_time_sec": 25.92603524401784,
    "total_time_sec": 119.83523129671812,
    "num_eval_samples": 40,
    "avg_predict_time_sec": 0.6481508811004459
  }
}