{
  "timings": {
    "fit_time_sec": 22.430671440437436,
    "predict_time_sec": 11.146674318239093,
    "total_time_sec": 33.57734575867653,
    "num_eval_samples": 40,
    "avg_predict_time_sec": 0.27866685795597734
  }
}