{
  "timings": {
    "fit_time_sec": 1.7721205949783325e-05,
    "predict_time_sec": 13.690474707633257,
    "total_time_sec": 13.690492428839207,
    "num_eval_samples": 100,
    "avg_predict_time_sec": 0.13690474707633257
  }
}