{
  "timings": {
    "fit_time_sec": 1.194886863231659e-05,
    "predict_time_sec": 15.479273568838835,
    "total_time_sec": 15.479285517707467,
    "num_eval_samples": 20,
    "avg_predict_time_sec": 0.7739636784419417
  }
}