{
  "timings": {
    "fit_time_sec": 1.2744218111038208e-05,
    "predict_time_sec": 14.031637527048588,
    "total_time_sec": 14.031650271266699,
    "num_eval_samples": 100,
    "avg_predict_time_sec": 0.14031637527048588
  }
}