{
  "timings": {
    "fit_time_sec": 1.278705894947052e-05,
    "predict_time_sec": 14.446134200319648,
    "total_time_sec": 14.446146987378597,
    "num_eval_samples": 40,
    "avg_predict_time_sec": 0.3611533550079912
  }
}