{
  "timings": {
    "fit_time_sec": 1.1937692761421204e-05,
    "predict_time_sec": 10.80559366941452,
    "total_time_sec": 10.805605607107282,
    "num_eval_samples": 100,
    "avg_predict_time_sec": 0.1080559366941452
  }
}