{
  "timings": {
    "fit_time_sec": 8.333018684759736,
    "predict_time_sec": 2.218156987801194,
    "total_time_sec": 10.55117567256093,
    "num_eval_samples": 40,
    "avg_predict_time_sec": 0.055453924695029855
  }
}