{
  "timings": {
    "fit_time_sec": 85.64175681211054,
    "predict_time_sec": 9.754923952743411,
    "total_time_sec": 95.39668076485395,
    "num_eval_samples": 20,
    "avg_predict_time_sec": 0.48774619763717053
  }
}