{
  "timings": {
    "fit_time_sec": 13.766631625592709,
    "predict_time_sec": 5.111233236268163,
    "total_time_sec": 18.87786486186087,
    "num_eval_samples": 100,
    "avg_predict_time_sec": 0.051112332362681624
  }
}