{
  "timings": {
    "fit_time_sec": 1.3412907719612122e-05,
    "predict_time_sec": 14.398667957633734,
    "total_time_sec": 14.398681370541453,
    "num_eval_samples": 100,
    "avg_predict_time_sec": 0.14398667957633735
  }
}