{
  "timings": {
    "fit_time_sec": 6.779789339751005,
    "predict_time_sec": 2.6877938080579042,
    "total_time_sec": 9.46758314780891,
    "num_eval_samples": 40,
    "avg_predict_time_sec": 0.06719484520144761
  }
}