{
  "timings": {
    "fit_time_sec": 1.3375654816627502e-05,
    "predict_time_sec": 14.842222187668085,
    "total_time_sec": 14.842235563322902,
    "num_eval_samples": 100,
    "avg_predict_time_sec": 0.14842222187668086
  }
}