{
  "timings": {
    "fit_time_sec": 30.02490692026913,
    "predict_time_sec": 15.623954286798835,
    "total_time_sec": 45.64886120706797,
    "num_eval_samples": 40,
    "avg_predict_time_sec": 0.3905988571699709
  }
}