{
  "timings": {
    "fit_time_sec": 1.1919066309928894e-05,
    "predict_time_sec": 37.0391441937536,
    "total_time_sec": 37.03915611281991,
    "num_eval_samples": 100,
    "avg_predict_time_sec": 0.370391441937536
  }
}