{
  "timings": {
    "fit_time_sec": 14.3071717210114,
    "predict_time_sec": 5.198448060080409,
    "total_time_sec": 19.50561978109181,
    "num_eval_samples": 100,
    "avg_predict_time_sec": 0.051984480600804094
  }
}