{
  "timings": {
    "fit_time_sec": 1.7642974853515625e-05,
    "predict_time_sec": 38.7881534434855,
    "total_time_sec": 38.78817108646035,
    "num_eval_samples": 100,
    "avg_predict_time_sec": 0.38788153443485496
  }
}