{
  "timings": {
    "fit_time_sec": 1.2490898370742798e-05,
    "predict_time_sec": 3.923171227797866,
    "total_time_sec": 3.9231837186962366,
    "num_eval_samples": 40,
    "avg_predict_time_sec": 0.09807928069494665
  }
}