{
  "timings": {
    "fit_time_sec": 1.3066455721855164e-05,
    "predict_time_sec": 13.977611256763339,
    "total_time_sec": 13.977624323219061,
    "num_eval_samples": 20,
    "avg_predict_time_sec": 0.6988805628381669
  }
}