{
  "timings": {
    "fit_time_sec": 8.179306730628014,
    "predict_time_sec": 2.128140913322568,
    "total_time_sec": 10.307447643950582,
    "num_eval_samples": 40,
    "avg_predict_time_sec": 0.0532035228330642
  }
}