{
  "timings": {
    "fit_time_sec": 66.56402138248086,
    "predict_time_sec": 18.110746264457703,
    "total_time_sec": 84.67476764693856,
    "num_eval_samples": 40,
    "avg_predict_time_sec": 0.45276865661144255
  }
}