{
  "timings": {
    "fit_time_sec": 13.972874041646719,
    "predict_time_sec": 5.2566351108253,
    "total_time_sec": 19.22950915247202,
    "num_eval_samples": 100,
    "avg_predict_time_sec": 0.052566351108253
  }
}