{
  "timings": {
    "fit_time_sec": 1.2993812561035156e-05,
    "predict_time_sec": 24.155064392834902,
    "total_time_sec": 24.155077386647463,
    "num_eval_samples": 40,
    "avg_predict_time_sec": 0.6038766098208725
  }
}