{
  "timings": {
    "fit_time_sec": 14.789186757057905,
    "predict_time_sec": 5.1084124986082315,
    "total_time_sec": 19.897599255666137,
    "num_eval_samples": 100,
    "avg_predict_time_sec": 0.051084124986082315
  }
}