{
  "timings": {
    "fit_time_sec": 14.015927439555526,
    "predict_time_sec": 4.916063973680139,
    "total_time_sec": 18.931991413235664,
    "num_eval_samples": 100,
    "avg_predict_time_sec": 0.04916063973680138
  }
}