{
  "timings": {
    "fit_time_sec": 1.800432801246643e-05,
    "predict_time_sec": 14.094366269186139,
    "total_time_sec": 14.094384273514152,
    "num_eval_samples": 40,
    "avg_predict_time_sec": 0.35235915672965346
  }
}