{
  "timings": {
    "fit_time_sec": 1.2509524822235107e-05,
    "predict_time_sec": 4.3880503457039595,
    "total_time_sec": 4.388062855228782,
    "num_eval_samples": 40,
    "avg_predict_time_sec": 0.10970125864259898
  }
}