{
  "timings": {
    "fit_time_sec": 1.4560297131538391e-05,
    "predict_time_sec": 41.06115665845573,
    "total_time_sec": 41.06117121875286,
    "num_eval_samples": 100,
    "avg_predict_time_sec": 0.4106115665845573
  }
}