{
  "timings": {
    "fit_time_sec": 1.1811032891273499e-05,
    "predict_time_sec": 22.386766124516726,
    "total_time_sec": 22.386777935549617,
    "num_eval_samples": 40,
    "avg_predict_time_sec": 0.5596691531129181
  }
}