{
  "timings": {
    "fit_time_sec": 6.78125324845314,
    "predict_time_sec": 2.6177260279655457,
    "total_time_sec": 9.398979276418686,
    "num_eval_samples": 40,
    "avg_predict_time_sec": 0.06544315069913864
  }
}