{
  "timings": {
    "fit_time_sec": 1.2686476111412048e-05,
    "predict_time_sec": 14.807592464610934,
    "total_time_sec": 14.807605151087046,
    "num_eval_samples": 100,
    "avg_predict_time_sec": 0.14807592464610933
  }
}