{
  "model": "qwen3_vl",
  "dataset": "naturalbench_vqa",
  "method": "zero_shot",
  "evaluator": "raw",
  "metrics": {
    "metric": "raw_accuracy",
    "accuracy": 0.5,
    "correct": 20.0,
    "total": 40.0,
    "label_order": [
      "Yes",
      "No",
      "A",
      "B"
    ],
    "confusion_matrix": {
      "labels": [
        "Yes",
        "No",
        "A",
        "B"
      ],
      "matrix": [
        [
          6,
          2,
          0,
          0
        ],
        [
          1,
          7,
          0,
          0
        ],
        [
          9,
          1,
          2,
          0
        ],
        [
          4,
          3,
          0,
          5
        ]
      ]
    },
    "per_class": {
      "Yes": {
        "precision": 0.3,
        "recall": 0.75,
        "f1": 0.4285714285714285,
        "support": 8.0,
        "predicted": 20.0,
        "true_positive": 6.0,
        "false_positive": 14.0,
        "false_negative": 2.0
      },
      "No": {
        "precision": 0.5384615384615384,
        "recall": 0.875,
        "f1": 0.6666666666666667,
        "support": 8.0,
        "predicted": 13.0,
        "true_positive": 7.0,
        "false_positive": 6.0,
        "false_negative": 1.0
      },
      "A": {
        "precision": 1.0,
        "recall": 0.16666666666666666,
        "f1": 0.2857142857142857,
        "support": 12.0,
        "predicted": 2.0,
        "true_positive": 2.0,
        "false_positive": 0.0,
        "false_negative": 10.0
      },
      "B": {
        "precision": 1.0,
        "recall": 0.4166666666666667,
        "f1": 0.5882352941176471,
        "support": 12.0,
        "predicted": 5.0,
        "true_positive": 5.0,
        "false_positive": 0.0,
        "false_negative": 7.0
      }
    },
    "macro_precision": 0.7096153846153846,
    "macro_recall": 0.5520833333333334,
    "macro_f1": 0.49229691876750703,
    "balanced_accuracy": 0.5520833333333334
  },
  "timings": {
    "fit_time_sec": 1.2585893273353577e-05,
    "predict_time_sec": 19.075662495568395,
    "total_time_sec": 19.075675081461668,
    "num_eval_samples": 40,
    "avg_predict_time_sec": 0.4768915623892099
  }
}