{
  "timings": {
    "fit_time_sec": 1.292489469051361e-05,
    "predict_time_sec": 27.222641546279192,
    "total_time_sec": 27.222654471173882,
    "num_eval_samples": 40,
    "avg_predict_time_sec": 0.6805660386569798
  }
}