{
  "timings": {
    "fit_time_sec": 1.796148717403412e-05,
    "predict_time_sec": 19.669210944324732,
    "total_time_sec": 19.669228905811906,
    "num_eval_samples": 40,
    "avg_predict_time_sec": 0.4917302736081183
  }
}