{
  "timings": {
    "fit_time_sec": 118.52527853660285,
    "predict_time_sec": 59.60653098113835,
    "total_time_sec": 178.1318095177412,
    "num_eval_samples": 40,
    "avg_predict_time_sec": 1.4901632745284588
  }
}