{
  "timings": {
    "fit_time_sec": 124.30376859940588,
    "predict_time_sec": 90.21249800920486,
    "total_time_sec": 214.51626660861075,
    "num_eval_samples": 100,
    "avg_predict_time_sec": 0.9021249800920487
  }
}