{
  "timings": {
    "fit_time_sec": 19.925659840926528,
    "predict_time_sec": 28.422125700861216,
    "total_time_sec": 48.347785541787744,
    "num_eval_samples": 100,
    "avg_predict_time_sec": 0.28422125700861217
  }
}