{
  "timings": {
    "fit_time_sec": 144.9283940475434,
    "predict_time_sec": 77.68085725791752,
    "total_time_sec": 222.60925130546093,
    "num_eval_samples": 20,
    "avg_predict_time_sec": 3.884042862895876
  }
}