{
  "timings": {
    "fit_time_sec": 23.7617201320827,
    "predict_time_sec": 12.162711648270488,
    "total_time_sec": 35.92443178035319,
    "num_eval_samples": 40,
    "avg_predict_time_sec": 0.3040677912067622
  }
}