{
  "model": "idefics3",
  "dataset": "naturalbench_vqa",
  "method": "stv",
  "evaluator": "raw",
  "metrics": {
    "metric": "raw_accuracy",
    "accuracy": 0.725,
    "correct": 29.0,
    "total": 40.0,
    "label_order": [
      "Yes",
      "No",
      "A",
      "B"
    ],
    "confusion_matrix": {
      "labels": [
        "Yes",
        "No",
        "A",
        "B"
      ],
      "matrix": [
        [
          5,
          3,
          0,
          0
        ],
        [
          1,
          7,
          0,
          0
        ],
        [
          0,
          0,
          8,
          4
        ],
        [
          0,
          0,
          3,
          9
        ]
      ]
    },
    "per_class": {
      "Yes": {
        "precision": 0.8333333333333334,
        "recall": 0.625,
        "f1": 0.7142857142857143,
        "support": 8.0,
        "predicted": 6.0,
        "true_positive": 5.0,
        "false_positive": 1.0,
        "false_negative": 3.0
      },
      "No": {
        "precision": 0.7,
        "recall": 0.875,
        "f1": 0.7777777777777777,
        "support": 8.0,
        "predicted": 10.0,
        "true_positive": 7.0,
        "false_positive": 3.0,
        "false_negative": 1.0
      },
      "A": {
        "precision": 0.7272727272727273,
        "recall": 0.6666666666666666,
        "f1": 0.6956521739130435,
        "support": 12.0,
        "predicted": 11.0,
        "true_positive": 8.0,
        "false_positive": 3.0,
        "false_negative": 4.0
      },
      "B": {
        "precision": 0.6923076923076923,
        "recall": 0.75,
        "f1": 0.7199999999999999,
        "support": 12.0,
        "predicted": 13.0,
        "true_positive": 9.0,
        "false_positive": 4.0,
        "false_negative": 3.0
      }
    },
    "macro_precision": 0.7382284382284382,
    "macro_recall": 0.7291666666666666,
    "macro_f1": 0.7269289164941338,
    "balanced_accuracy": 0.7291666666666666
  },
  "timings": {
    "fit_time_sec": 97.58096741139889,
    "predict_time_sec": 21.24444778263569,
    "total_time_sec": 118.82541519403458,
    "num_eval_samples": 40,
    "avg_predict_time_sec": 0.5311111945658922
  }
}