{
  "timings": {
    "fit_time_sec": 1.2518838047981262e-05,
    "predict_time_sec": 13.871429534628987,
    "total_time_sec": 13.871442053467035,
    "num_eval_samples": 20,
    "avg_predict_time_sec": 0.6935714767314494
  }
}