{
  "timings": {
    "fit_time_sec": 1.2816861271858215e-05,
    "predict_time_sec": 4.171137064695358,
    "total_time_sec": 4.17114988155663,
    "num_eval_samples": 40,
    "avg_predict_time_sec": 0.10427842661738396
  }
}