{
  "timings": {
    "fit_time_sec": 13.266734454780817,
    "predict_time_sec": 4.676123516634107,
    "total_time_sec": 17.942857971414924,
    "num_eval_samples": 100,
    "avg_predict_time_sec": 0.046761235166341064
  }
}