{
  "timings": {
    "fit_time_sec": 114.00502927228808,
    "predict_time_sec": 21.524183431640267,
    "total_time_sec": 135.52921270392835,
    "num_eval_samples": 40,
    "avg_predict_time_sec": 0.5381045857910067
  }
}