{
  "timings": {
    "fit_time_sec": 1.3042241334915161e-05,
    "predict_time_sec": 19.106333633884788,
    "total_time_sec": 19.106346676126122,
    "num_eval_samples": 40,
    "avg_predict_time_sec": 0.47765834084711967
  }
}