{
  "timings": {
    "fit_time_sec": 65.65022794902325,
    "predict_time_sec": 31.91818584688008,
    "total_time_sec": 97.56841379590333,
    "num_eval_samples": 100,
    "avg_predict_time_sec": 0.31918185846880076
  }
}