{
  "timings": {
    "fit_time_sec": 192.93576888740063,
    "predict_time_sec": 22.44396491907537,
    "total_time_sec": 215.379733806476,
    "num_eval_samples": 40,
    "avg_predict_time_sec": 0.5610991229768842
  }
}