{
  "timings": {
    "fit_time_sec": 93.47627505287528,
    "predict_time_sec": 21.623198952525854,
    "total_time_sec": 115.09947400540113,
    "num_eval_samples": 40,
    "avg_predict_time_sec": 0.5405799738131464
  }
}