{
  "timings": {
    "fit_time_sec": 10.139623992145061,
    "predict_time_sec": 3.612616864964366,
    "total_time_sec": 13.752240857109427,
    "num_eval_samples": 100,
    "avg_predict_time_sec": 0.03612616864964366
  }
}