{
  "timings": {
    "fit_time_sec": 15.290398869663477,
    "predict_time_sec": 18.48735785856843,
    "total_time_sec": 33.77775672823191,
    "num_eval_samples": 100,
    "avg_predict_time_sec": 0.1848735785856843
  }
}