{
  "timings": {
    "fit_time_sec": 1.346692442893982e-05,
    "predict_time_sec": 4.420942321419716,
    "total_time_sec": 4.420955788344145,
    "num_eval_samples": 40,
    "avg_predict_time_sec": 0.1105235580354929
  }
}