{
  "timings": {
    "fit_time_sec": 69.25995634496212,
    "predict_time_sec": 7.476830255240202,
    "total_time_sec": 76.73678660020232,
    "num_eval_samples": 20,
    "avg_predict_time_sec": 0.3738415127620101
  }
}