{
  "timings": {
    "fit_time_sec": 85.49496241286397,
    "predict_time_sec": 31.42228429019451,
    "total_time_sec": 116.91724670305848,
    "num_eval_samples": 40,
    "avg_predict_time_sec": 0.7855571072548628
  }
}