{
  "timings": {
    "fit_time_sec": 23.882921053096652,
    "predict_time_sec": 4.4628890454769135,
    "total_time_sec": 28.345810098573565,
    "num_eval_samples": 40,
    "avg_predict_time_sec": 0.11157222613692283
  }
}