{
  "timings": {
    "fit_time_sec": 11.953258009627461,
    "predict_time_sec": 4.73600884899497,
    "total_time_sec": 16.68926685862243,
    "num_eval_samples": 40,
    "avg_predict_time_sec": 0.11840022122487426
  }
}