{
  "timings": {
    "fit_time_sec": 13.418691657483578,
    "predict_time_sec": 5.175329150632024,
    "total_time_sec": 18.5940208081156,
    "num_eval_samples": 100,
    "avg_predict_time_sec": 0.051753291506320236
  }
}