{
  "timings": {
    "fit_time_sec": 212.91047555021942,
    "predict_time_sec": 42.12836991623044,
    "total_time_sec": 255.03884546644986,
    "num_eval_samples": 20,
    "avg_predict_time_sec": 2.106418495811522
  }
}