{
  "timings": {
    "fit_time_sec": 273.0371365379542,
    "predict_time_sec": 28.363832442089915,
    "total_time_sec": 301.4009689800441,
    "num_eval_samples": 20,
    "avg_predict_time_sec": 1.4181916221044957
  }
}