{
  "timings": {
    "fit_time_sec": 1.2893229722976685e-05,
    "predict_time_sec": 26.575047438964248,
    "total_time_sec": 26.57506033219397,
    "num_eval_samples": 40,
    "avg_predict_time_sec": 0.6643761859741062
  }
}