{
  "timings": {
    "fit_time_sec": 99.1434866450727,
    "predict_time_sec": 106.158920859918,
    "total_time_sec": 205.3024075049907,
    "num_eval_samples": 100,
    "avg_predict_time_sec": 1.06158920859918
  }
}