{
  "timings": {
    "fit_time_sec": 107.69675335101783,
    "predict_time_sec": 78.4085310343653,
    "total_time_sec": 186.10528438538313,
    "num_eval_samples": 20,
    "avg_predict_time_sec": 3.920426551718265
  }
}