{
  "timings": {
    "fit_time_sec": 19.35480903275311,
    "predict_time_sec": 6.669263022020459,
    "total_time_sec": 26.02407205477357,
    "num_eval_samples": 40,
    "avg_predict_time_sec": 0.1667315755505115
  }
}