{
  "timings": {
    "fit_time_sec": 97.08254246972501,
    "predict_time_sec": 31.511438628658652,
    "total_time_sec": 128.59398109838367,
    "num_eval_samples": 40,
    "avg_predict_time_sec": 0.7877859657164663
  }
}