{
  "timings": {
    "fit_time_sec": 6.65181440114975,
    "predict_time_sec": 2.521370382979512,
    "total_time_sec": 9.173184784129262,
    "num_eval_samples": 40,
    "avg_predict_time_sec": 0.0630342595744878
  }
}