{
  "timings": {
    "fit_time_sec": 1.2062489986419678e-05,
    "predict_time_sec": 41.95183054357767,
    "total_time_sec": 41.95184260606766,
    "num_eval_samples": 100,
    "avg_predict_time_sec": 0.41951830543577673
  }
}