{
  "timings": {
    "fit_time_sec": 18.117923052981496,
    "predict_time_sec": 6.897920034825802,
    "total_time_sec": 25.015843087807298,
    "num_eval_samples": 40,
    "avg_predict_time_sec": 0.17244800087064505
  }
}