{
  "timings": {
    "fit_time_sec": 1.181475818157196e-05,
    "predict_time_sec": 13.628718296065927,
    "total_time_sec": 13.628730110824108,
    "num_eval_samples": 100,
    "avg_predict_time_sec": 0.13628718296065925
  }
}