{
  "timings": {
    "fit_time_sec": 94.18544710241258,
    "predict_time_sec": 20.82971760444343,
    "total_time_sec": 115.01516470685601,
    "num_eval_samples": 40,
    "avg_predict_time_sec": 0.5207429401110858
  }
}