{
  "timings": {
    "fit_time_sec": 215.4798271022737,
    "predict_time_sec": 28.54790104739368,
    "total_time_sec": 244.02772814966738,
    "num_eval_samples": 20,
    "avg_predict_time_sec": 1.427395052369684
  }
}