{
  "timings": {
    "fit_time_sec": 73.75656640157104,
    "predict_time_sec": 34.93973012827337,
    "total_time_sec": 108.6962965298444,
    "num_eval_samples": 100,
    "avg_predict_time_sec": 0.34939730128273366
  }
}