{
  "timings": {
    "fit_time_sec": 136.3438601307571,
    "predict_time_sec": 108.00096758827567,
    "total_time_sec": 244.34482771903276,
    "num_eval_samples": 20,
    "avg_predict_time_sec": 5.400048379413784
  }
}