{
  "timings": {
    "fit_time_sec": 126.11685524135828,
    "predict_time_sec": 78.46865904890001,
    "total_time_sec": 204.5855142902583,
    "num_eval_samples": 20,
    "avg_predict_time_sec": 3.9234329524450002
  }
}