{
  "timings": {
    "fit_time_sec": 100.51139678806067,
    "predict_time_sec": 22.659691037610173,
    "total_time_sec": 123.17108782567084,
    "num_eval_samples": 40,
    "avg_predict_time_sec": 0.5664922759402543
  }
}