{
  "timings": {
    "fit_time_sec": 1.271069049835205e-05,
    "predict_time_sec": 13.537720087915659,
    "total_time_sec": 13.537732798606157,
    "num_eval_samples": 20,
    "avg_predict_time_sec": 0.676886004395783
  }
}