{
  "timings": {
    "fit_time_sec": 53.57534862495959,
    "predict_time_sec": 13.999472130089998,
    "total_time_sec": 67.57482075504959,
    "num_eval_samples": 40,
    "avg_predict_time_sec": 0.34998680325224996
  }
}