{
  "timings": {
    "fit_time_sec": 271.3260431345552,
    "predict_time_sec": 29.294179456308484,
    "total_time_sec": 300.6202225908637,
    "num_eval_samples": 20,
    "avg_predict_time_sec": 1.4647089728154241
  }
}