{
  "timings": {
    "fit_time_sec": 11.651946002617478,
    "predict_time_sec": 27.404549162834883,
    "total_time_sec": 39.05649516545236,
    "num_eval_samples": 100,
    "avg_predict_time_sec": 0.27404549162834885
  }
}