{
  "timings": {
    "fit_time_sec": 26.205750830471516,
    "predict_time_sec": 11.406424468383193,
    "total_time_sec": 37.61217529885471,
    "num_eval_samples": 40,
    "avg_predict_time_sec": 0.28516061170957985
  }
}