{
  "timings": {
    "fit_time_sec": 8.119286546483636,
    "predict_time_sec": 1.9052691366523504,
    "total_time_sec": 10.024555683135986,
    "num_eval_samples": 40,
    "avg_predict_time_sec": 0.04763172841630876
  }
}