{
  "timings": {
    "fit_time_sec": 23.678038166835904,
    "predict_time_sec": 23.749076088890433,
    "total_time_sec": 47.42711425572634,
    "num_eval_samples": 100,
    "avg_predict_time_sec": 0.23749076088890433
  }
}