{
  "timings": {
    "fit_time_sec": 1.2099742889404297e-05,
    "predict_time_sec": 14.960790064185858,
    "total_time_sec": 14.960802163928747,
    "num_eval_samples": 40,
    "avg_predict_time_sec": 0.37401975160464646
  }
}