{
  "timings": {
    "fit_time_sec": 1.1848285794258118e-05,
    "predict_time_sec": 14.126430235803127,
    "total_time_sec": 14.126442084088922,
    "num_eval_samples": 40,
    "avg_predict_time_sec": 0.35316075589507817
  }
}