{
  "timings": {
    "fit_time_sec": 257.06145348772407,
    "predict_time_sec": 103.27856948412955,
    "total_time_sec": 360.3400229718536,
    "num_eval_samples": 100,
    "avg_predict_time_sec": 1.0327856948412955
  }
}