{
  "timings": {
    "fit_time_sec": 1.200847327709198e-05,
    "predict_time_sec": 15.321000844240189,
    "total_time_sec": 15.321012852713466,
    "num_eval_samples": 20,
    "avg_predict_time_sec": 0.7660500422120095
  }
}