{
  "timings": {
    "fit_time_sec": 1.2500211596488953e-05,
    "predict_time_sec": 14.420808805152774,
    "total_time_sec": 14.42082130536437,
    "num_eval_samples": 100,
    "avg_predict_time_sec": 0.14420808805152774
  }
}