{
  "model": "idefics3",
  "dataset": "naturalbench_vqa",
  "method": "sav",
  "evaluator": "raw",
  "metrics": {
    "metric": "raw_accuracy",
    "accuracy": 0.65,
    "correct": 26.0,
    "total": 40.0,
    "label_order": [
      "Yes",
      "No",
      "A",
      "B"
    ],
    "confusion_matrix": {
      "labels": [
        "Yes",
        "No",
        "A",
        "B"
      ],
      "matrix": [
        [
          6,
          2,
          0,
          0
        ],
        [
          3,
          5,
          0,
          0
        ],
        [
          0,
          0,
          6,
          6
        ],
        [
          0,
          0,
          3,
          9
        ]
      ]
    },
    "per_class": {
      "Yes": {
        "precision": 0.6666666666666666,
        "recall": 0.75,
        "f1": 0.7058823529411765,
        "support": 8.0,
        "predicted": 9.0,
        "true_positive": 6.0,
        "false_positive": 3.0,
        "false_negative": 2.0
      },
      "No": {
        "precision": 0.7142857142857143,
        "recall": 0.625,
        "f1": 0.6666666666666666,
        "support": 8.0,
        "predicted": 7.0,
        "true_positive": 5.0,
        "false_positive": 2.0,
        "false_negative": 3.0
      },
      "A": {
        "precision": 0.6666666666666666,
        "recall": 0.5,
        "f1": 0.5714285714285715,
        "support": 12.0,
        "predicted": 9.0,
        "true_positive": 6.0,
        "false_positive": 3.0,
        "false_negative": 6.0
      },
      "B": {
        "precision": 0.6,
        "recall": 0.75,
        "f1": 0.6666666666666665,
        "support": 12.0,
        "predicted": 15.0,
        "true_positive": 9.0,
        "false_positive": 6.0,
        "false_negative": 3.0
      }
    },
    "macro_precision": 0.6619047619047619,
    "macro_recall": 0.65625,
    "macro_f1": 0.6526610644257703,
    "balanced_accuracy": 0.65625
  },
  "timings": {
    "fit_time_sec": 53.57534862495959,
    "predict_time_sec": 13.999472130089998,
    "total_time_sec": 67.57482075504959,
    "num_eval_samples": 40,
    "avg_predict_time_sec": 0.34998680325224996
  }
}