{
  "model": "idefics3",
  "dataset": "naturalbench_vqa",
  "method": "i2cl",
  "evaluator": "raw",
  "metrics": {
    "metric": "raw_accuracy",
    "accuracy": 0.725,
    "correct": 29.0,
    "total": 40.0,
    "label_order": [
      "Yes",
      "No",
      "A",
      "B"
    ],
    "confusion_matrix": {
      "labels": [
        "Yes",
        "No",
        "A",
        "B"
      ],
      "matrix": [
        [
          6,
          2,
          0,
          0
        ],
        [
          1,
          7,
          0,
          0
        ],
        [
          0,
          0,
          9,
          3
        ],
        [
          0,
          0,
          5,
          7
        ]
      ]
    },
    "per_class": {
      "Yes": {
        "precision": 0.8571428571428571,
        "recall": 0.75,
        "f1": 0.7999999999999999,
        "support": 8.0,
        "predicted": 7.0,
        "true_positive": 6.0,
        "false_positive": 1.0,
        "false_negative": 2.0
      },
      "No": {
        "precision": 0.7777777777777778,
        "recall": 0.875,
        "f1": 0.823529411764706,
        "support": 8.0,
        "predicted": 9.0,
        "true_positive": 7.0,
        "false_positive": 2.0,
        "false_negative": 1.0
      },
      "A": {
        "precision": 0.6428571428571429,
        "recall": 0.75,
        "f1": 0.6923076923076924,
        "support": 12.0,
        "predicted": 14.0,
        "true_positive": 9.0,
        "false_positive": 5.0,
        "false_negative": 3.0
      },
      "B": {
        "precision": 0.7,
        "recall": 0.5833333333333334,
        "f1": 0.6363636363636365,
        "support": 12.0,
        "predicted": 10.0,
        "true_positive": 7.0,
        "false_positive": 3.0,
        "false_negative": 5.0
      }
    },
    "macro_precision": 0.7444444444444445,
    "macro_recall": 0.7395833333333334,
    "macro_f1": 0.7380501851090087,
    "balanced_accuracy": 0.7395833333333334
  },
  "timings": {
    "fit_time_sec": 114.00502927228808,
    "predict_time_sec": 21.524183431640267,
    "total_time_sec": 135.52921270392835,
    "num_eval_samples": 40,
    "avg_predict_time_sec": 0.5381045857910067
  }
}