{
  "timings": {
    "fit_time_sec": 66.65663170814514,
    "predict_time_sec": 18.027660381048918,
    "total_time_sec": 84.68429208919406,
    "num_eval_samples": 40,
    "avg_predict_time_sec": 0.45069150952622294
  }
}