{
  "timings": {
    "fit_time_sec": 1.2785196304321289e-05,
    "predict_time_sec": 13.541651852428913,
    "total_time_sec": 13.541664637625217,
    "num_eval_samples": 100,
    "avg_predict_time_sec": 0.13541651852428913
  }
}