{
  "timings": {
    "fit_time_sec": 21.1715878713876,
    "predict_time_sec": 26.564193911850452,
    "total_time_sec": 47.73578178323805,
    "num_eval_samples": 100,
    "avg_predict_time_sec": 0.26564193911850453
  }
}