{
  "timings": {
    "fit_time_sec": 1.2405216693878174e-05,
    "predict_time_sec": 10.478912826627493,
    "total_time_sec": 10.478925231844187,
    "num_eval_samples": 100,
    "avg_predict_time_sec": 0.10478912826627493
  }
}