{
  "timings": {
    "fit_time_sec": 118.95188126713037,
    "predict_time_sec": 32.53508439660072,
    "total_time_sec": 151.4869656637311,
    "num_eval_samples": 40,
    "avg_predict_time_sec": 0.8133771099150181
  }
}