{
  "timings": {
    "fit_time_sec": 14.935572287067771,
    "predict_time_sec": 6.1472101751714945,
    "total_time_sec": 21.082782462239265,
    "num_eval_samples": 40,
    "avg_predict_time_sec": 0.15368025437928737
  }
}