{
  "timings": {
    "fit_time_sec": 111.50548206456006,
    "predict_time_sec": 58.94160573370755,
    "total_time_sec": 170.4470877982676,
    "num_eval_samples": 40,
    "avg_predict_time_sec": 1.4735401433426887
  }
}