{
  "timings": {
    "fit_time_sec": 298.900488069281,
    "predict_time_sec": 95.67577633447945,
    "total_time_sec": 394.57626440376043,
    "num_eval_samples": 100,
    "avg_predict_time_sec": 0.9567577633447946
  }
}