{
  "timings": {
    "fit_time_sec": 1.2673437595367432e-05,
    "predict_time_sec": 3.8351119086146355,
    "total_time_sec": 3.835124582052231,
    "num_eval_samples": 40,
    "avg_predict_time_sec": 0.09587779771536589
  }
}