{
  "timings": {
    "fit_time_sec": 25.889108890667558,
    "predict_time_sec": 7.0872209277004,
    "total_time_sec": 32.97632981836796,
    "num_eval_samples": 40,
    "avg_predict_time_sec": 0.17718052319251001
  }
}