{
  "timings": {
    "fit_time_sec": 1.1753290891647339e-05,
    "predict_time_sec": 13.7251061424613,
    "total_time_sec": 13.725117895752192,
    "num_eval_samples": 40,
    "avg_predict_time_sec": 0.3431276535615325
  }
}