{
  "timings": {
    "fit_time_sec": 11.09797302260995,
    "predict_time_sec": 23.396997716277838,
    "total_time_sec": 34.49497073888779,
    "num_eval_samples": 100,
    "avg_predict_time_sec": 0.23396997716277837
  }
}