{
  "timings": {
    "fit_time_sec": 97.58096741139889,
    "predict_time_sec": 21.24444778263569,
    "total_time_sec": 118.82541519403458,
    "num_eval_samples": 40,
    "avg_predict_time_sec": 0.5311111945658922
  }
}