{
  "timings": {
    "fit_time_sec": 8.13568571023643,
    "predict_time_sec": 2.113140294328332,
    "total_time_sec": 10.248826004564762,
    "num_eval_samples": 40,
    "avg_predict_time_sec": 0.0528285073582083
  }
}