{
  "timings": {
    "fit_time_sec": 13.631182439625263,
    "predict_time_sec": 4.299261964857578,
    "total_time_sec": 17.93044440448284,
    "num_eval_samples": 40,
    "avg_predict_time_sec": 0.10748154912143945
  }
}