{
  "timings": {
    "fit_time_sec": 15.59771217778325,
    "predict_time_sec": 23.434633169323206,
    "total_time_sec": 39.03234534710646,
    "num_eval_samples": 100,
    "avg_predict_time_sec": 0.23434633169323205
  }
}