{
  "timings": {
    "fit_time_sec": 89.53804356604815,
    "predict_time_sec": 31.8345359954983,
    "total_time_sec": 121.37257956154644,
    "num_eval_samples": 40,
    "avg_predict_time_sec": 0.7958633998874575
  }
}