{
  "timings": {
    "fit_time_sec": 1.1807307600975037e-05,
    "predict_time_sec": 38.69585348851979,
    "total_time_sec": 38.69586529582739,
    "num_eval_samples": 100,
    "avg_predict_time_sec": 0.3869585348851979
  }
}