{
  "model": "idefics3",
  "dataset": "naturalbench_vqa",
  "method": "zero_shot",
  "evaluator": "raw",
  "metrics": {
    "metric": "raw_accuracy",
    "accuracy": 0.75,
    "correct": 30.0,
    "total": 40.0,
    "label_order": [
      "Yes",
      "No",
      "A",
      "B"
    ],
    "confusion_matrix": {
      "labels": [
        "Yes",
        "No",
        "A",
        "B"
      ],
      "matrix": [
        [
          6,
          2,
          0,
          0
        ],
        [
          1,
          7,
          0,
          0
        ],
        [
          0,
          0,
          8,
          4
        ],
        [
          0,
          0,
          3,
          9
        ]
      ]
    },
    "per_class": {
      "Yes": {
        "precision": 0.8571428571428571,
        "recall": 0.75,
        "f1": 0.7999999999999999,
        "support": 8.0,
        "predicted": 7.0,
        "true_positive": 6.0,
        "false_positive": 1.0,
        "false_negative": 2.0
      },
      "No": {
        "precision": 0.7777777777777778,
        "recall": 0.875,
        "f1": 0.823529411764706,
        "support": 8.0,
        "predicted": 9.0,
        "true_positive": 7.0,
        "false_positive": 2.0,
        "false_negative": 1.0
      },
      "A": {
        "precision": 0.7272727272727273,
        "recall": 0.6666666666666666,
        "f1": 0.6956521739130435,
        "support": 12.0,
        "predicted": 11.0,
        "true_positive": 8.0,
        "false_positive": 3.0,
        "false_negative": 4.0
      },
      "B": {
        "precision": 0.6923076923076923,
        "recall": 0.75,
        "f1": 0.7199999999999999,
        "support": 12.0,
        "predicted": 13.0,
        "true_positive": 9.0,
        "false_positive": 4.0,
        "false_negative": 3.0
      }
    },
    "macro_precision": 0.7636252636252636,
    "macro_recall": 0.7604166666666666,
    "macro_f1": 0.7597953964194373,
    "balanced_accuracy": 0.7604166666666666
  },
  "timings": {
    "fit_time_sec": 1.2099742889404297e-05,
    "predict_time_sec": 14.960790064185858,
    "total_time_sec": 14.960802163928747,
    "num_eval_samples": 40,
    "avg_predict_time_sec": 0.37401975160464646
  }
}