{
  "timings": {
    "fit_time_sec": 11.349986681714654,
    "predict_time_sec": 11.629519807174802,
    "total_time_sec": 22.979506488889456,
    "num_eval_samples": 100,
    "avg_predict_time_sec": 0.11629519807174801
  }
}