{
  "timings": {
    "fit_time_sec": 22.657625960186124,
    "predict_time_sec": 5.560202853754163,
    "total_time_sec": 28.217828813940287,
    "num_eval_samples": 40,
    "avg_predict_time_sec": 0.13900507134385406
  }
}