{
  "timings": {
    "fit_time_sec": 15.762234231457114,
    "predict_time_sec": 8.084640059620142,
    "total_time_sec": 23.846874291077256,
    "num_eval_samples": 40,
    "avg_predict_time_sec": 0.20211600149050354
  }
}