{
  "timings": {
    "fit_time_sec": 13.044749990105629,
    "predict_time_sec": 4.680569505318999,
    "total_time_sec": 17.72531949542463,
    "num_eval_samples": 40,
    "avg_predict_time_sec": 0.11701423763297499
  }
}