{
  "timings": {
    "fit_time_sec": 6.581011064350605,
    "predict_time_sec": 16.901221934705973,
    "total_time_sec": 23.482232999056578,
    "num_eval_samples": 100,
    "avg_predict_time_sec": 0.16901221934705973
  }
}