{
  "timings": {
    "fit_time_sec": 1.2656673789024353e-05,
    "predict_time_sec": 5.639352252706885,
    "total_time_sec": 5.639364909380674,
    "num_eval_samples": 40,
    "avg_predict_time_sec": 0.14098380631767213
  }
}