{
  "timings": {
    "fit_time_sec": 463.18838156573474,
    "predict_time_sec": 42.22460420243442,
    "total_time_sec": 505.41298576816916,
    "num_eval_samples": 20,
    "avg_predict_time_sec": 2.111230210121721
  }
}