{
  "timings": {
    "fit_time_sec": 19.130604300647974,
    "predict_time_sec": 23.74727282114327,
    "total_time_sec": 42.877877121791244,
    "num_eval_samples": 100,
    "avg_predict_time_sec": 0.2374727282114327
  }
}