{
  "timings": {
    "fit_time_sec": 120.37382730841637,
    "predict_time_sec": 14.504076145589352,
    "total_time_sec": 134.87790345400572,
    "num_eval_samples": 20,
    "avg_predict_time_sec": 0.7252038072794675
  }
}