{
  "timings": {
    "fit_time_sec": 22.807223035022616,
    "predict_time_sec": 23.62211030162871,
    "total_time_sec": 46.429333336651325,
    "num_eval_samples": 100,
    "avg_predict_time_sec": 0.2362211030162871
  }
}