{
  "timings": {
    "fit_time_sec": 93.5622598528862,
    "predict_time_sec": 26.096100602298975,
    "total_time_sec": 119.65836045518517,
    "num_eval_samples": 40,
    "avg_predict_time_sec": 0.6524025150574744
  }
}