{
  "timings": {
    "fit_time_sec": 85.15895534493029,
    "predict_time_sec": 9.661561591550708,
    "total_time_sec": 94.820516936481,
    "num_eval_samples": 20,
    "avg_predict_time_sec": 0.4830780795775354
  }
}