{
  "timings": {
    "fit_time_sec": 28.014862794429064,
    "predict_time_sec": 8.903070008382201,
    "total_time_sec": 36.917932802811265,
    "num_eval_samples": 40,
    "avg_predict_time_sec": 0.22257675020955503
  }
}