{
  "timings": {
    "fit_time_sec": 116.43306165002286,
    "predict_time_sec": 108.29017440788448,
    "total_time_sec": 224.72323605790734,
    "num_eval_samples": 100,
    "avg_predict_time_sec": 1.0829017440788449
  }
}