{
  "timings": {
    "fit_time_sec": 17.369139755144715,
    "predict_time_sec": 7.922758338972926,
    "total_time_sec": 25.29189809411764,
    "num_eval_samples": 40,
    "avg_predict_time_sec": 0.19806895847432315
  }
}