{
  "timings": {
    "fit_time_sec": 6.533531725406647,
    "predict_time_sec": 2.547478388994932,
    "total_time_sec": 9.081010114401579,
    "num_eval_samples": 40,
    "avg_predict_time_sec": 0.0636869597248733
  }
}