{
  "timings": {
    "fit_time_sec": 13.831354515627027,
    "predict_time_sec": 5.020396340638399,
    "total_time_sec": 18.851750856265426,
    "num_eval_samples": 100,
    "avg_predict_time_sec": 0.05020396340638399
  }
}