{
  "timings": {
    "fit_time_sec": 8.639489891007543,
    "predict_time_sec": 22.010934095829725,
    "total_time_sec": 30.650423986837268,
    "num_eval_samples": 100,
    "avg_predict_time_sec": 0.22010934095829726
  }
}