{
  "timings": {
    "fit_time_sec": 118.9839463122189,
    "predict_time_sec": 21.57403139024973,
    "total_time_sec": 140.55797770246863,
    "num_eval_samples": 40,
    "avg_predict_time_sec": 0.5393507847562432
  }
}