{
  "timings": {
    "fit_time_sec": 108.46256029233336,
    "predict_time_sec": 70.37697569467127,
    "total_time_sec": 178.83953598700464,
    "num_eval_samples": 100,
    "avg_predict_time_sec": 0.7037697569467127
  }
}