{
  "model": "qwen2_vl",
  "dataset": "naturalbench_vqa",
  "method": "rse",
  "evaluator": "raw",
  "metrics": {
    "metric": "raw_accuracy",
    "accuracy": 0.7875,
    "correct": 63.0,
    "total": 80.0,
    "label_order": [
      "A",
      "B",
      "Yes",
      "No"
    ],
    "confusion_matrix": {
      "labels": [
        "A",
        "B",
        "Yes",
        "No"
      ],
      "matrix": [
        [
          6,
          2,
          0,
          0
        ],
        [
          1,
          7,
          0,
          0
        ],
        [
          0,
          0,
          28,
          4
        ],
        [
          0,
          0,
          10,
          22
        ]
      ]
    },
    "per_class": {
      "A": {
        "precision": 0.8571428571428571,
        "recall": 0.75,
        "f1": 0.7999999999999999,
        "support": 8.0,
        "predicted": 7.0,
        "true_positive": 6.0,
        "false_positive": 1.0,
        "false_negative": 2.0
      },
      "B": {
        "precision": 0.7777777777777778,
        "recall": 0.875,
        "f1": 0.823529411764706,
        "support": 8.0,
        "predicted": 9.0,
        "true_positive": 7.0,
        "false_positive": 2.0,
        "false_negative": 1.0
      },
      "Yes": {
        "precision": 0.7368421052631579,
        "recall": 0.875,
        "f1": 0.7999999999999999,
        "support": 32.0,
        "predicted": 38.0,
        "true_positive": 28.0,
        "false_positive": 10.0,
        "false_negative": 4.0
      },
      "No": {
        "precision": 0.8461538461538461,
        "recall": 0.6875,
        "f1": 0.7586206896551724,
        "support": 32.0,
        "predicted": 26.0,
        "true_positive": 22.0,
        "false_positive": 4.0,
        "false_negative": 10.0
      }
    },
    "macro_precision": 0.8044791465844097,
    "macro_recall": 0.796875,
    "macro_f1": 0.7955375253549696,
    "balanced_accuracy": 0.796875
  }
}