{
  "timings": {
    "fit_time_sec": 23.782230496406555,
    "predict_time_sec": 23.873622432351112,
    "total_time_sec": 47.65585292875767,
    "num_eval_samples": 100,
    "avg_predict_time_sec": 0.23873622432351113
  }
}