{
  "timings": {
    "fit_time_sec": 13.527011811733246,
    "predict_time_sec": 5.159619005396962,
    "total_time_sec": 18.686630817130208,
    "num_eval_samples": 100,
    "avg_predict_time_sec": 0.05159619005396962
  }
}