{
  "timings": {
    "fit_time_sec": 1.2876465916633606e-05,
    "predict_time_sec": 14.112930923700333,
    "total_time_sec": 14.11294380016625,
    "num_eval_samples": 100,
    "avg_predict_time_sec": 0.14112930923700331
  }
}