{
  "timings": {
    "fit_time_sec": 1.3763085007667542e-05,
    "predict_time_sec": 13.81909841299057,
    "total_time_sec": 13.819112176075578,
    "num_eval_samples": 100,
    "avg_predict_time_sec": 0.13819098412990571
  }
}