{
  "timings": {
    "fit_time_sec": 15.482594853267074,
    "predict_time_sec": 5.451377043500543,
    "total_time_sec": 20.933971896767616,
    "num_eval_samples": 100,
    "avg_predict_time_sec": 0.054513770435005424
  }
}