{
  "timings": {
    "fit_time_sec": 1.4794990420341492e-05,
    "predict_time_sec": 11.478579994291067,
    "total_time_sec": 11.478594789281487,
    "num_eval_samples": 100,
    "avg_predict_time_sec": 0.11478579994291067
  }
}