{
  "timings": {
    "fit_time_sec": 15.954416416585445,
    "predict_time_sec": 5.823215758427978,
    "total_time_sec": 21.777632175013423,
    "num_eval_samples": 100,
    "avg_predict_time_sec": 0.05823215758427978
  }
}