{
  "timings": {
    "fit_time_sec": 11.279872596263885,
    "predict_time_sec": 3.9639989156275988,
    "total_time_sec": 15.243871511891484,
    "num_eval_samples": 100,
    "avg_predict_time_sec": 0.039639989156275986
  }
}