{
  "timings": {
    "fit_time_sec": 1.2945383787155151e-05,
    "predict_time_sec": 14.390397269278765,
    "total_time_sec": 14.390410214662552,
    "num_eval_samples": 100,
    "avg_predict_time_sec": 0.14390397269278765
  }
}